ns,nsites,C_exp,ra_sigma,ra_scaling,energy_NFL,H_nlm,nbon,prop_observed_sp,prop_detected_int,prop_realized_int,prop_possible_int
100,100,0.1,0.6,25.0,1000,0.25,25,1.0,0.0,0.0,0.928
100,100,0.2,0.6,25.0,1000,0.25,25,0.98,0.0,0.00164,0.929
100,100,0.3,0.6,25.0,1000,0.25,25,0.98,0.0,0.00152,0.912
100,100,0.1,1.2,25.0,1000,0.25,25,0.99,0.0,0.00658,0.915
100,100,0.2,1.2,25.0,1000,0.25,25,1.0,0.0,0.00243,0.912
100,100,0.3,1.2,25.0,1000,0.25,25,1.0,0.00206,0.00412,0.936
100,100,0.1,1.8,25.0,1000,0.25,25,0.99,0.00943,0.033,0.877
100,100,0.2,1.8,25.0,1000,0.25,25,0.99,0.0,0.00922,0.933
100,100,0.3,1.8,25.0,1000,0.25,25,1.0,0.00254,0.00509,0.917
100,100,0.1,0.6,50.0,1000,0.25,25,0.97,0.0,0.0,0.837
100,100,0.2,0.6,50.0,1000,0.25,25,1.0,0.0,0.00348,0.923
100,100,0.3,0.6,50.0,1000,0.25,25,1.0,0.0,0.00489,0.955
100,100,0.1,1.2,50.0,1000,0.25,25,1.0,0.0126,0.0284,0.911
100,100,0.2,1.2,50.0,1000,0.25,25,0.97,0.00279,0.00838,0.878
100,100,0.3,1.2,50.0,1000,0.25,25,0.99,0.00236,0.00709,0.878
100,100,0.1,1.8,50.0,1000,0.25,25,0.95,0.0,0.0,0.849
100,100,0.2,1.8,50.0,1000,0.25,25,0.99,0.00312,0.00625,0.915
100,100,0.3,1.8,50.0,1000,0.25,25,0.98,0.0,0.00238,0.892
100,100,0.1,0.6,75.0,1000,0.25,25,0.99,0.0,0.00393,0.938
100,100,0.2,0.6,75.0,1000,0.25,25,1.0,0.0,0.0,0.907
100,100,0.3,0.6,75.0,1000,0.25,25,0.98,0.0,0.00145,0.869
100,100,0.1,1.2,75.0,1000,0.25,25,1.0,0.00323,0.0129,0.918
100,100,0.2,1.2,75.0,1000,0.25,25,0.98,0.0,0.00269,0.891
100,100,0.3,1.2,75.0,1000,0.25,25,0.99,0.0053,0.00707,0.908
100,100,0.1,1.8,75.0,1000,0.25,25,0.98,0.0,0.0112,0.886
100,100,0.2,1.8,75.0,1000,0.25,25,0.98,0.0,0.00615,0.932
100,100,0.3,1.8,75.0,1000,0.25,25,0.99,0.00283,0.00567,0.918
100,100,0.1,0.6,25.0,10000,0.25,25,0.98,0.00123,0.0283,0.861
100,100,0.2,0.6,25.0,10000,0.25,25,0.99,0.000697,0.0139,0.918
100,100,0.3,0.6,25.0,10000,0.25,25,0.99,0.000983,0.0162,0.892
100,100,0.1,1.2,25.0,10000,0.25,25,0.99,0.00137,0.026,0.891
100,100,0.2,1.2,25.0,10000,0.25,25,1.0,0.0106,0.018,0.945
100,100,0.3,1.2,25.0,10000,0.25,25,0.96,0.00356,0.0185,0.845
100,100,0.1,1.8,25.0,10000,0.25,25,1.0,0.00375,0.0468,0.918
100,100,0.2,1.8,25.0,10000,0.25,25,0.98,0.0111,0.0302,0.92
100,100,0.3,1.8,25.0,10000,0.25,25,0.99,0.00216,0.0137,0.905
100,100,0.1,0.6,50.0,10000,0.25,25,0.98,0.0068,0.034,0.893
100,100,0.2,0.6,50.0,10000,0.25,25,0.99,0.00759,0.0214,0.918
100,100,0.3,0.6,50.0,10000,0.25,25,1.0,0.000903,0.0108,0.896
100,100,0.1,1.2,50.0,10000,0.25,25,1.0,0.0119,0.0381,0.932
100,100,0.2,1.2,50.0,10000,0.25,25,0.98,0.0108,0.0225,0.907
100,100,0.3,1.2,50.0,10000,0.25,25,0.99,0.00602,0.0145,0.893
100,100,0.1,1.8,50.0,10000,0.25,25,0.96,0.0239,0.0549,0.85
100,100,0.2,1.8,50.0,10000,0.25,25,0.99,0.00642,0.0193,0.922
100,100,0.3,1.8,50.0,10000,0.25,25,0.99,0.0122,0.0225,0.897
100,100,0.1,0.6,75.0,10000,0.25,25,0.99,0.0081,0.0243,0.902
100,100,0.2,0.6,75.0,10000,0.25,25,1.0,0.00441,0.0126,0.929
100,100,0.3,0.6,75.0,10000,0.25,25,0.98,0.00293,0.0112,0.868
100,100,0.1,1.2,75.0,10000,0.25,25,0.99,0.00641,0.0231,0.926
100,100,0.2,1.2,75.0,10000,0.25,25,0.97,0.00585,0.0208,0.901
100,100,0.3,1.2,75.0,10000,0.25,25,1.0,0.00853,0.0171,0.894
100,100,0.1,1.8,75.0,10000,0.25,25,1.0,0.0155,0.0413,0.915
100,100,0.2,1.8,75.0,10000,0.25,25,0.99,0.0177,0.0272,0.917
100,100,0.3,1.8,75.0,10000,0.25,25,0.96,0.0136,0.0287,0.815
100,100,0.1,0.6,25.0,100000,0.25,25,0.98,0.0285,0.211,0.928
100,100,0.2,0.6,25.0,100000,0.25,25,1.0,0.00945,0.0972,0.934
100,100,0.3,0.6,25.0,100000,0.25,25,0.99,0.00861,0.0854,0.927
100,100,0.1,1.2,25.0,100000,0.25,25,1.0,0.0203,0.139,0.958
100,100,0.2,1.2,25.0,100000,0.25,25,1.0,0.00918,0.0894,0.916
100,100,0.3,1.2,25.0,100000,0.25,25,0.96,0.0158,0.0673,0.879
100,100,0.1,1.8,25.0,100000,0.25,25,0.98,0.0219,0.13,0.941
100,100,0.2,1.8,25.0,100000,0.25,25,0.98,0.0198,0.0914,0.898
100,100,0.3,1.8,25.0,100000,0.25,25,0.99,0.0125,0.0722,0.91
100,100,0.1,0.6,50.0,100000,0.25,25,1.0,0.0659,0.207,0.935
100,100,0.2,0.6,50.0,100000,0.25,25,0.99,0.0261,0.117,0.895
100,100,0.3,0.6,50.0,100000,0.25,25,0.98,0.0178,0.0803,0.885
100,100,0.1,1.2,50.0,100000,0.25,25,1.0,0.0284,0.113,0.954
100,100,0.2,1.2,50.0,100000,0.25,25,0.98,0.0318,0.101,0.9
100,100,0.3,1.2,50.0,100000,0.25,25,0.99,0.0231,0.0764,0.927
100,100,0.1,1.8,50.0,100000,0.25,25,0.98,0.0574,0.121,0.899
100,100,0.2,1.8,50.0,100000,0.25,25,0.98,0.0396,0.0941,0.913
100,100,0.3,1.8,50.0,100000,0.25,25,1.0,0.0277,0.0773,0.913
100,100,0.1,0.6,75.0,100000,0.25,25,0.97,0.0637,0.178,0.8
100,100,0.2,0.6,75.0,100000,0.25,25,0.99,0.0405,0.12,0.912
100,100,0.3,0.6,75.0,100000,0.25,25,0.99,0.0276,0.0746,0.893
100,100,0.1,1.2,75.0,100000,0.25,25,0.98,0.053,0.158,0.89
100,100,0.2,1.2,75.0,100000,0.25,25,1.0,0.0457,0.0957,0.891
100,100,0.3,1.2,75.0,100000,0.25,25,0.99,0.0314,0.0728,0.876
100,100,0.1,1.8,75.0,100000,0.25,25,0.99,0.0748,0.157,0.924
100,100,0.2,1.8,75.0,100000,0.25,25,0.99,0.0394,0.0703,0.917
100,100,0.3,1.8,75.0,100000,0.25,25,0.99,0.0412,0.0768,0.854
100,100,0.1,0.6,25.0,1000,0.5,25,0.96,0.00232,0.00696,0.818
100,100,0.2,0.6,25.0,1000,0.5,25,0.99,0.0,0.00162,0.909
100,100,0.3,0.6,25.0,1000,0.5,25,0.96,0.0,0.00902,0.859
100,100,0.1,1.2,25.0,1000,0.5,25,1.0,0.00332,0.00997,0.956
100,100,0.2,1.2,25.0,1000,0.5,25,0.99,0.00222,0.00222,0.91
100,100,0.3,1.2,25.0,1000,0.5,25,0.99,0.00449,0.00449,0.925
100,100,0.1,1.8,25.0,1000,0.5,25,0.99,0.014,0.021,0.913
100,100,0.2,1.8,25.0,1000,0.5,25,0.98,0.0,0.0,0.918
100,100,0.3,1.8,25.0,1000,0.5,25,0.98,0.00287,0.00287,0.856
100,100,0.1,0.6,50.0,1000,0.5,25,0.99,0.00418,0.00837,0.907
100,100,0.2,0.6,50.0,1000,0.5,25,1.0,0.00162,0.00972,0.93
100,100,0.3,0.6,50.0,1000,0.5,25,1.0,0.0,0.0014,0.953
100,100,0.1,1.2,50.0,1000,0.5,25,0.98,0.00287,0.0086,0.868
100,100,0.2,1.2,50.0,1000,0.5,25,0.98,0.0,0.00192,0.914
100,100,0.3,1.2,50.0,1000,0.5,25,1.0,0.00394,0.00394,0.934
100,100,0.1,1.8,50.0,1000,0.5,25,0.99,0.0,0.00704,0.894
100,100,0.2,1.8,50.0,1000,0.5,25,1.0,0.00306,0.00917,0.924
100,100,0.3,1.8,50.0,1000,0.5,25,0.96,0.00293,0.00293,0.854
100,100,0.1,0.6,75.0,1000,0.5,25,1.0,0.0,0.0,0.898
100,100,0.2,0.6,75.0,1000,0.5,25,0.99,0.0,0.0,0.865
100,100,0.3,0.6,75.0,1000,0.5,25,0.99,0.0,0.0,0.932
100,100,0.1,1.2,75.0,1000,0.5,25,0.99,0.0,0.00301,0.917
100,100,0.2,1.2,75.0,1000,0.5,25,0.99,0.00306,0.00612,0.903
100,100,0.3,1.2,75.0,1000,0.5,25,1.0,0.0,0.00207,0.934
100,100,0.1,1.8,75.0,1000,0.5,25,0.99,0.00671,0.00671,0.865
100,100,0.2,1.8,75.0,1000,0.5,25,1.0,0.0,0.0,0.927
100,100,0.3,1.8,75.0,1000,0.5,25,0.99,0.00465,0.0116,0.905
100,100,0.1,0.6,25.0,10000,0.5,25,0.95,0.00228,0.0342,0.832
100,100,0.2,0.6,25.0,10000,0.5,25,0.99,0.00442,0.0162,0.908
100,100,0.3,0.6,25.0,10000,0.5,25,1.0,0.000463,0.00786,0.924
100,100,0.1,1.2,25.0,10000,0.5,25,0.97,0.00834,0.0348,0.87
100,100,0.2,1.2,25.0,10000,0.5,25,1.0,0.00308,0.0131,0.901
100,100,0.3,1.2,25.0,10000,0.5,25,0.97,0.00334,0.0147,0.9
100,100,0.1,1.8,25.0,10000,0.5,25,1.0,0.015,0.0475,0.933
100,100,0.2,1.8,25.0,10000,0.5,25,0.99,0.0104,0.034,0.901
100,100,0.3,1.8,25.0,10000,0.5,25,1.0,0.00451,0.0226,0.97
100,100,0.1,0.6,50.0,10000,0.5,25,0.99,0.00913,0.0285,0.896
100,100,0.2,0.6,50.0,10000,0.5,25,0.99,0.00403,0.0141,0.927
100,100,0.3,0.6,50.0,10000,0.5,25,0.99,0.00106,0.0143,0.87
100,100,0.1,1.2,50.0,10000,0.5,25,1.0,0.00581,0.0232,0.962
100,100,0.2,1.2,50.0,10000,0.5,25,0.98,0.00866,0.0184,0.915
100,100,0.3,1.2,50.0,10000,0.5,25,0.97,0.00398,0.0146,0.834
100,100,0.1,1.8,50.0,10000,0.5,25,1.0,0.021,0.0524,0.923
100,100,0.2,1.8,50.0,10000,0.5,25,0.99,0.0111,0.0334,0.928
100,100,0.3,1.8,50.0,10000,0.5,25,0.99,0.00858,0.0203,0.936
100,100,0.1,0.6,75.0,10000,0.5,25,1.0,0.00864,0.0296,0.897
100,100,0.2,0.6,75.0,10000,0.5,25,0.99,0.00777,0.0218,0.9
100,100,0.3,0.6,75.0,10000,0.5,25,1.0,0.00598,0.0152,0.914
100,100,0.1,1.2,75.0,10000,0.5,25,0.99,0.0125,0.0236,0.822
100,100,0.2,1.2,75.0,10000,0.5,25,0.99,0.0116,0.0212,0.921
100,100,0.3,1.2,75.0,10000,0.5,25,0.99,0.0133,0.0227,0.91
100,100,0.1,1.8,75.0,10000,0.5,25,0.98,0.0118,0.0355,0.916
100,100,0.2,1.8,75.0,10000,0.5,25,0.99,0.0185,0.0293,0.866
100,100,0.3,1.8,75.0,10000,0.5,25,0.97,0.0101,0.0201,0.827
100,100,0.1,0.6,25.0,100000,0.5,25,1.0,0.0167,0.196,0.925
100,100,0.2,0.6,25.0,100000,0.5,25,0.98,0.00735,0.111,0.912
100,100,0.3,0.6,25.0,100000,0.5,25,0.96,0.00557,0.0741,0.865
100,100,0.1,1.2,25.0,100000,0.5,25,0.99,0.0166,0.136,0.872
100,100,0.2,1.2,25.0,100000,0.5,25,0.99,0.0135,0.109,0.949
100,100,0.3,1.2,25.0,100000,0.5,25,1.0,0.0147,0.0632,0.956
100,100,0.1,1.8,25.0,100000,0.5,25,1.0,0.0381,0.15,0.948
100,100,0.2,1.8,25.0,100000,0.5,25,1.0,0.0265,0.0939,0.945
100,100,0.3,1.8,25.0,100000,0.5,25,0.99,0.00912,0.0612,0.913
100,100,0.1,0.6,50.0,100000,0.5,25,1.0,0.0396,0.187,0.957
100,100,0.2,0.6,50.0,100000,0.5,25,1.0,0.0298,0.107,0.897
100,100,0.3,0.6,50.0,100000,0.5,25,0.97,0.0181,0.0773,0.891
100,100,0.1,1.2,50.0,100000,0.5,25,1.0,0.0394,0.142,0.945
100,100,0.2,1.2,50.0,100000,0.5,25,1.0,0.0234,0.0872,0.951
100,100,0.3,1.2,50.0,100000,0.5,25,0.99,0.0223,0.0693,0.905
100,100,0.1,1.8,50.0,100000,0.5,25,0.98,0.0365,0.127,0.85
100,100,0.2,1.8,50.0,100000,0.5,25,1.0,0.0272,0.0989,0.927
100,100,0.3,1.8,50.0,100000,0.5,25,0.99,0.033,0.0826,0.901
100,100,0.1,0.6,75.0,100000,0.5,25,0.99,0.0817,0.228,0.926
100,100,0.2,0.6,75.0,100000,0.5,25,1.0,0.0476,0.118,0.924
100,100,0.3,0.6,75.0,100000,0.5,25,0.98,0.0284,0.0781,0.835
100,100,0.1,1.2,75.0,100000,0.5,25,0.99,0.0597,0.127,0.852
100,100,0.2,1.2,75.0,100000,0.5,25,0.99,0.0452,0.0993,0.912
100,100,0.3,1.2,75.0,100000,0.5,25,1.0,0.0271,0.0704,0.923
100,100,0.1,1.8,75.0,100000,0.5,25,1.0,0.0459,0.107,0.908
100,100,0.2,1.8,75.0,100000,0.5,25,0.98,0.0304,0.0545,0.89
100,100,0.3,1.8,75.0,100000,0.5,25,0.99,0.0357,0.077,0.956
100,100,0.1,0.6,25.0,1000,0.75,25,1.0,0.0,0.0121,0.95
100,100,0.2,0.6,25.0,1000,0.75,25,0.98,0.0,0.00162,0.864
100,100,0.3,0.6,25.0,1000,0.75,25,1.0,0.0,0.00143,0.956
100,100,0.1,1.2,25.0,1000,0.75,25,1.0,0.0,0.00568,0.944
100,100,0.2,1.2,25.0,1000,0.75,25,0.99,0.0,0.00829,0.923
100,100,0.3,1.2,25.0,1000,0.75,25,1.0,0.0,0.00832,0.948
100,100,0.1,1.8,25.0,1000,0.75,25,0.99,0.00433,0.0173,0.893
100,100,0.2,1.8,25.0,1000,0.75,25,0.99,0.00259,0.00518,0.927
100,100,0.3,1.8,25.0,1000,0.75,25,0.99,0.0,0.0113,0.897
100,100,0.1,0.6,50.0,1000,0.75,25,1.0,0.00244,0.0122,0.936
100,100,0.2,0.6,50.0,1000,0.75,25,1.0,0.0,0.0,0.928
100,100,0.3,0.6,50.0,1000,0.75,25,0.99,0.0015,0.0045,0.906
100,100,0.1,1.2,50.0,1000,0.75,25,0.98,0.0,0.0,0.839
100,100,0.2,1.2,50.0,1000,0.75,25,0.99,0.0,0.00451,0.891
100,100,0.3,1.2,50.0,1000,0.75,25,1.0,0.0021,0.00629,0.863
100,100,0.1,1.8,50.0,1000,0.75,25,1.0,0.0,0.0153,0.921
100,100,0.2,1.8,50.0,1000,0.75,25,0.99,0.0,0.00917,0.934
100,100,0.3,1.8,50.0,1000,0.75,25,0.99,0.0,0.00249,0.927
100,100,0.1,0.6,75.0,1000,0.75,25,1.0,0.00237,0.00474,0.912
100,100,0.2,0.6,75.0,1000,0.75,25,0.99,0.00164,0.00164,0.9
100,100,0.3,0.6,75.0,1000,0.75,25,1.0,0.0,0.00426,0.928
100,100,0.1,1.2,75.0,1000,0.75,25,0.98,0.00791,0.00791,0.894
100,100,0.2,1.2,75.0,1000,0.75,25,0.97,0.0,0.0046,0.9
100,100,0.3,1.2,75.0,1000,0.75,25,1.0,0.00218,0.00873,0.92
100,100,0.1,1.8,75.0,1000,0.75,25,0.99,0.0,0.00763,0.939
100,100,0.2,1.8,75.0,1000,0.75,25,0.99,0.00339,0.00678,0.926
100,100,0.3,1.8,75.0,1000,0.75,25,1.0,0.00585,0.00585,0.909
100,100,0.1,0.6,25.0,10000,0.75,25,0.99,0.00229,0.0161,0.918
100,100,0.2,0.6,25.0,10000,0.75,25,0.98,0.00383,0.0147,0.904
100,100,0.3,0.6,25.0,10000,0.75,25,0.99,0.00107,0.0139,0.88
100,100,0.1,1.2,25.0,10000,0.75,25,1.0,0.0077,0.0401,0.9
100,100,0.2,1.2,25.0,10000,0.75,25,1.0,0.000867,0.0165,0.942
100,100,0.3,1.2,25.0,10000,0.75,25,1.0,0.00119,0.00835,0.909
100,100,0.1,1.8,25.0,10000,0.75,25,0.99,0.00833,0.0317,0.938
100,100,0.2,1.8,25.0,10000,0.75,25,1.0,0.011,0.0408,0.935
100,100,0.3,1.8,25.0,10000,0.75,25,1.0,0.00327,0.0163,0.958
100,100,0.1,0.6,50.0,10000,0.75,25,1.0,0.00349,0.0279,0.942
100,100,0.2,0.6,50.0,10000,0.75,25,0.98,0.00332,0.0213,0.877
100,100,0.3,0.6,50.0,10000,0.75,25,0.99,0.000451,0.0122,0.892
100,100,0.1,1.2,50.0,10000,0.75,25,0.99,0.01,0.0334,0.89
100,100,0.2,1.2,50.0,10000,0.75,25,1.0,0.0106,0.0297,0.956
100,100,0.3,1.2,50.0,10000,0.75,25,1.0,0.0047,0.0141,0.923
100,100,0.1,1.8,50.0,10000,0.75,25,1.0,0.0132,0.0428,0.906
100,100,0.2,1.8,50.0,10000,0.75,25,0.99,0.0213,0.032,0.894
100,100,0.3,1.8,50.0,10000,0.75,25,1.0,0.0119,0.0228,0.919
100,100,0.1,0.6,75.0,10000,0.75,25,0.99,0.00519,0.0221,0.886
100,100,0.2,0.6,75.0,10000,0.75,25,0.99,0.00351,0.0133,0.862
100,100,0.3,0.6,75.0,10000,0.75,25,0.98,0.00379,0.00994,0.871
100,100,0.1,1.2,75.0,10000,0.75,25,0.99,0.0168,0.0291,0.903
100,100,0.2,1.2,75.0,10000,0.75,25,0.98,0.00741,0.0195,0.888
100,100,0.3,1.2,75.0,10000,0.75,25,1.0,0.00929,0.0159,0.934
100,100,0.1,1.8,75.0,10000,0.75,25,0.99,0.0217,0.0335,0.915
100,100,0.2,1.8,75.0,10000,0.75,25,0.99,0.0116,0.0186,0.87
100,100,0.3,1.8,75.0,10000,0.75,25,0.99,0.0117,0.0193,0.89
100,100,0.1,0.6,25.0,100000,0.75,25,0.97,0.0199,0.193,0.883
100,100,0.2,0.6,25.0,100000,0.75,25,1.0,0.0097,0.0929,0.93
100,100,0.3,0.6,25.0,100000,0.75,25,0.99,0.00621,0.0762,0.909
100,100,0.1,1.2,25.0,100000,0.75,25,0.97,0.0317,0.132,0.888
100,100,0.2,1.2,25.0,100000,0.75,25,1.0,0.0114,0.0986,0.91
100,100,0.3,1.2,25.0,100000,0.75,25,0.98,0.0118,0.0766,0.94
100,100,0.1,1.8,25.0,100000,0.75,25,1.0,0.0333,0.135,0.875
100,100,0.2,1.8,25.0,100000,0.75,25,0.98,0.0243,0.0828,0.836
100,100,0.3,1.8,25.0,100000,0.75,25,1.0,0.0159,0.081,0.934
100,100,0.1,0.6,50.0,100000,0.75,25,0.99,0.0544,0.194,0.917
100,100,0.2,0.6,50.0,100000,0.75,25,0.99,0.023,0.105,0.885
100,100,0.3,0.6,50.0,100000,0.75,25,1.0,0.0155,0.079,0.915
100,100,0.1,1.2,50.0,100000,0.75,25,1.0,0.0395,0.122,0.963
100,100,0.2,1.2,50.0,100000,0.75,25,0.99,0.033,0.107,0.881
100,100,0.3,1.2,50.0,100000,0.75,25,0.99,0.0243,0.0642,0.933
100,100,0.1,1.8,50.0,100000,0.75,25,0.99,0.0687,0.167,0.887
100,100,0.2,1.8,50.0,100000,0.75,25,0.99,0.0315,0.0891,0.886
100,100,0.3,1.8,50.0,100000,0.75,25,0.99,0.0204,0.0713,0.923
100,100,0.1,0.6,75.0,100000,0.75,25,0.99,0.0712,0.186,0.929
100,100,0.2,0.6,75.0,100000,0.75,25,1.0,0.0404,0.107,0.952
100,100,0.3,0.6,75.0,100000,0.75,25,0.98,0.0237,0.0717,0.925
100,100,0.1,1.2,75.0,100000,0.75,25,1.0,0.0995,0.175,0.891
100,100,0.2,1.2,75.0,100000,0.75,25,0.99,0.0447,0.0833,0.915
100,100,0.3,1.2,75.0,100000,0.75,25,0.99,0.0391,0.082,0.917
100,100,0.1,1.8,75.0,100000,0.75,25,1.0,0.0453,0.0945,0.879
100,100,0.2,1.8,75.0,100000,0.75,25,0.99,0.0478,0.0957,0.888
100,100,0.3,1.8,75.0,100000,0.75,25,1.0,0.0467,0.0907,0.917
100,100,0.1,0.6,25.0,1000,0.25,50,1.0,0.00418,0.00837,0.993
100,100,0.2,0.6,25.0,1000,0.25,50,1.0,0.0,0.00496,0.965
100,100,0.3,0.6,25.0,1000,0.25,50,1.0,0.00145,0.00434,0.959
100,100,0.1,1.2,25.0,1000,0.25,50,1.0,0.0076,0.019,0.947
100,100,0.2,1.2,25.0,1000,0.25,50,1.0,0.0,0.00973,0.966
100,100,0.3,1.2,25.0,1000,0.25,50,1.0,0.00204,0.00612,0.951
100,100,0.1,1.8,25.0,1000,0.25,50,1.0,0.00455,0.0182,0.963
100,100,0.2,1.8,25.0,1000,0.25,50,1.0,0.015,0.0262,0.961
100,100,0.3,1.8,25.0,1000,0.25,50,0.99,0.00901,0.021,0.949
100,100,0.1,0.6,50.0,1000,0.25,50,1.0,0.00227,0.0068,0.94
100,100,0.2,0.6,50.0,1000,0.25,50,1.0,0.0,0.00675,0.965
100,100,0.3,0.6,50.0,1000,0.25,50,0.99,0.0029,0.00435,0.961
100,100,0.1,1.2,50.0,1000,0.25,50,1.0,0.0101,0.0201,0.974
100,100,0.2,1.2,50.0,1000,0.25,50,0.98,0.00703,0.0164,0.924
100,100,0.3,1.2,50.0,1000,0.25,50,0.99,0.00545,0.0109,0.932
100,100,0.1,1.8,50.0,1000,0.25,50,0.99,0.0108,0.0288,0.934
100,100,0.2,1.8,50.0,1000,0.25,50,1.0,0.00313,0.0157,0.967
100,100,0.3,1.8,50.0,1000,0.25,50,1.0,0.0104,0.0131,0.942
100,100,0.1,0.6,75.0,1000,0.25,50,1.0,0.00959,0.0192,0.974
100,100,0.2,0.6,75.0,1000,0.25,50,0.99,0.00179,0.0107,0.931
100,100,0.3,0.6,75.0,1000,0.25,50,1.0,0.00599,0.00898,0.942
100,100,0.1,1.2,75.0,1000,0.25,50,1.0,0.0,0.0109,0.964
100,100,0.2,1.2,75.0,1000,0.25,50,1.0,0.00326,0.00977,0.936
100,100,0.3,1.2,75.0,1000,0.25,50,1.0,0.00382,0.00574,0.956
100,100,0.1,1.8,75.0,1000,0.25,50,1.0,0.0347,0.0347,0.959
100,100,0.2,1.8,75.0,1000,0.25,50,1.0,0.00295,0.00885,0.945
100,100,0.3,1.8,75.0,1000,0.25,50,1.0,0.0143,0.0143,0.942
100,100,0.1,0.6,25.0,10000,0.25,50,1.0,0.00343,0.04,0.934
100,100,0.2,0.6,25.0,10000,0.25,50,1.0,0.00188,0.0301,0.947
100,100,0.3,0.6,25.0,10000,0.25,50,1.0,0.00181,0.0222,0.979
100,100,0.1,1.2,25.0,10000,0.25,50,1.0,0.0103,0.0663,0.96
100,100,0.2,1.2,25.0,10000,0.25,50,1.0,0.00654,0.042,0.928
100,100,0.3,1.2,25.0,10000,0.25,50,1.0,0.00744,0.0356,0.952
100,100,0.1,1.8,25.0,10000,0.25,50,1.0,0.00907,0.0544,0.952
100,100,0.2,1.8,25.0,10000,0.25,50,1.0,0.00956,0.0382,0.931
100,100,0.3,1.8,25.0,10000,0.25,50,0.97,0.00772,0.0324,0.925
100,100,0.1,0.6,50.0,10000,0.25,50,1.0,0.0128,0.0559,0.963
100,100,0.2,0.6,50.0,10000,0.25,50,1.0,0.00562,0.0267,0.955
100,100,0.3,0.6,50.0,10000,0.25,50,0.99,0.00594,0.0288,0.929
100,100,0.1,1.2,50.0,10000,0.25,50,0.99,0.00723,0.0462,0.923
100,100,0.2,1.2,50.0,10000,0.25,50,1.0,0.0107,0.036,0.953
100,100,0.3,1.2,50.0,10000,0.25,50,1.0,0.0145,0.0303,0.952
100,100,0.1,1.8,50.0,10000,0.25,50,1.0,0.0168,0.0606,0.96
100,100,0.2,1.8,50.0,10000,0.25,50,0.99,0.0269,0.0539,0.947
100,100,0.3,1.8,50.0,10000,0.25,50,1.0,0.0196,0.0372,0.963
100,100,0.1,0.6,75.0,10000,0.25,50,1.0,0.0156,0.0413,0.937
100,100,0.2,0.6,75.0,10000,0.25,50,1.0,0.0118,0.0353,0.94
100,100,0.3,0.6,75.0,10000,0.25,50,1.0,0.00703,0.022,0.949
100,100,0.1,1.2,75.0,10000,0.25,50,1.0,0.0244,0.0603,0.967
100,100,0.2,1.2,75.0,10000,0.25,50,1.0,0.0167,0.0397,0.942
100,100,0.3,1.2,75.0,10000,0.25,50,1.0,0.0178,0.0311,0.959
100,100,0.1,1.8,75.0,10000,0.25,50,1.0,0.0392,0.0672,0.924
100,100,0.2,1.8,75.0,10000,0.25,50,0.99,0.0306,0.0525,0.912
100,100,0.3,1.8,75.0,10000,0.25,50,1.0,0.0337,0.0506,0.972
100,100,0.1,0.6,25.0,100000,0.25,50,1.0,0.0408,0.303,0.921
100,100,0.2,0.6,25.0,100000,0.25,50,1.0,0.0197,0.22,0.942
100,100,0.3,0.6,25.0,100000,0.25,50,1.0,0.00986,0.155,0.96
100,100,0.1,1.2,25.0,100000,0.25,50,0.99,0.0365,0.183,0.966
100,100,0.2,1.2,25.0,100000,0.25,50,1.0,0.0214,0.123,0.954
100,100,0.3,1.2,25.0,100000,0.25,50,1.0,0.021,0.134,0.944
100,100,0.1,1.8,25.0,100000,0.25,50,1.0,0.0293,0.117,0.936
100,100,0.2,1.8,25.0,100000,0.25,50,0.99,0.0272,0.13,0.941
100,100,0.3,1.8,25.0,100000,0.25,50,1.0,0.0231,0.122,0.952
100,100,0.1,0.6,50.0,100000,0.25,50,1.0,0.0809,0.288,0.935
100,100,0.2,0.6,50.0,100000,0.25,50,0.98,0.046,0.217,0.918
100,100,0.3,0.6,50.0,100000,0.25,50,1.0,0.0295,0.129,0.978
100,100,0.1,1.2,50.0,100000,0.25,50,1.0,0.0555,0.219,0.933
100,100,0.2,1.2,50.0,100000,0.25,50,0.99,0.0463,0.148,0.916
100,100,0.3,1.2,50.0,100000,0.25,50,1.0,0.0384,0.12,0.97
100,100,0.1,1.8,50.0,100000,0.25,50,1.0,0.0615,0.208,0.955
100,100,0.2,1.8,50.0,100000,0.25,50,0.99,0.0353,0.14,0.907
100,100,0.3,1.8,50.0,100000,0.25,50,1.0,0.0466,0.121,0.976
100,100,0.1,0.6,75.0,100000,0.25,50,1.0,0.112,0.322,0.977
100,100,0.2,0.6,75.0,100000,0.25,50,1.0,0.0699,0.182,0.963
100,100,0.3,0.6,75.0,100000,0.25,50,1.0,0.0541,0.144,0.971
100,100,0.1,1.2,75.0,100000,0.25,50,0.99,0.0956,0.238,0.928
100,100,0.2,1.2,75.0,100000,0.25,50,1.0,0.0694,0.164,0.979
100,100,0.3,1.2,75.0,100000,0.25,50,1.0,0.0584,0.12,0.96
100,100,0.1,1.8,75.0,100000,0.25,50,1.0,0.0495,0.162,0.94
100,100,0.2,1.8,75.0,100000,0.25,50,1.0,0.0414,0.137,0.954
100,100,0.3,1.8,75.0,100000,0.25,50,1.0,0.0499,0.124,0.936
100,100,0.1,0.6,25.0,1000,0.5,50,0.99,0.0,0.00739,0.932
100,100,0.2,0.6,25.0,1000,0.5,50,1.0,0.0,0.0128,0.968
100,100,0.3,0.6,25.0,1000,0.5,50,1.0,0.00143,0.00571,0.965
100,100,0.1,1.2,25.0,1000,0.5,50,0.99,0.0,0.00763,0.964
100,100,0.2,1.2,25.0,1000,0.5,50,1.0,0.00287,0.00573,0.953
100,100,0.3,1.2,25.0,1000,0.5,50,1.0,0.00184,0.011,0.938
100,100,0.1,1.8,25.0,1000,0.5,50,1.0,0.0,0.0207,0.961
100,100,0.2,1.8,25.0,1000,0.5,50,1.0,0.00292,0.0146,0.95
100,100,0.3,1.8,25.0,1000,0.5,50,1.0,0.00917,0.0183,0.928
100,100,0.1,0.6,50.0,1000,0.5,50,0.99,0.0,0.0111,0.93
100,100,0.2,0.6,50.0,1000,0.5,50,1.0,0.0,0.0119,0.968
100,100,0.3,0.6,50.0,1000,0.5,50,1.0,0.00623,0.00935,0.957
100,100,0.1,1.2,50.0,1000,0.5,50,1.0,0.00623,0.0125,0.962
100,100,0.2,1.2,50.0,1000,0.5,50,1.0,0.00249,0.0149,0.966
100,100,0.3,1.2,50.0,1000,0.5,50,1.0,0.00378,0.0113,0.967
100,100,0.1,1.8,50.0,1000,0.5,50,0.99,0.0151,0.0402,0.947
100,100,0.2,1.8,50.0,1000,0.5,50,0.99,0.00435,0.0087,0.914
100,100,0.3,1.8,50.0,1000,0.5,50,1.0,0.00843,0.0169,0.946
100,100,0.1,0.6,75.0,1000,0.5,50,1.0,0.00641,0.0107,0.939
100,100,0.2,0.6,75.0,1000,0.5,50,0.99,0.00368,0.00919,0.919
100,100,0.3,0.6,75.0,1000,0.5,50,0.98,0.0028,0.007,0.942
100,100,0.1,1.2,75.0,1000,0.5,50,1.0,0.00826,0.0124,0.961
100,100,0.2,1.2,75.0,1000,0.5,50,0.99,0.00415,0.00622,0.965
100,100,0.3,1.2,75.0,1000,0.5,50,1.0,0.00174,0.00871,0.976
100,100,0.1,1.8,75.0,1000,0.5,50,0.98,0.00952,0.0238,0.922
100,100,0.2,1.8,75.0,1000,0.5,50,0.99,0.023,0.023,0.952
100,100,0.3,1.8,75.0,1000,0.5,50,1.0,0.0135,0.0162,0.954
100,100,0.1,0.6,25.0,10000,0.5,50,1.0,0.00567,0.0476,0.964
100,100,0.2,0.6,25.0,10000,0.5,50,1.0,0.00388,0.0291,0.949
100,100,0.3,0.6,25.0,10000,0.5,50,0.99,0.00255,0.0144,0.934
100,100,0.1,1.2,25.0,10000,0.5,50,1.0,0.00315,0.063,0.973
100,100,0.2,1.2,25.0,10000,0.5,50,1.0,0.00572,0.0376,0.954
100,100,0.3,1.2,25.0,10000,0.5,50,1.0,0.00416,0.0257,0.931
100,100,0.1,1.8,25.0,10000,0.5,50,1.0,0.0127,0.0658,0.965
100,100,0.2,1.8,25.0,10000,0.5,50,1.0,0.0106,0.0617,0.944
100,100,0.3,1.8,25.0,10000,0.5,50,1.0,0.0132,0.0418,0.953
100,100,0.1,0.6,50.0,10000,0.5,50,1.0,0.0196,0.0575,0.96
100,100,0.2,0.6,50.0,10000,0.5,50,1.0,0.00702,0.0325,0.956
100,100,0.3,0.6,50.0,10000,0.5,50,0.99,0.00563,0.0244,0.946
100,100,0.1,1.2,50.0,10000,0.5,50,0.98,0.0313,0.0605,0.939
100,100,0.2,1.2,50.0,10000,0.5,50,0.99,0.0168,0.0347,0.926
100,100,0.3,1.2,50.0,10000,0.5,50,1.0,0.016,0.0336,0.956
100,100,0.1,1.8,50.0,10000,0.5,50,1.0,0.023,0.0614,0.968
100,100,0.2,1.8,50.0,10000,0.5,50,0.98,0.0201,0.0452,0.901
100,100,0.3,1.8,50.0,10000,0.5,50,1.0,0.00708,0.0283,0.939
100,100,0.1,0.6,75.0,10000,0.5,50,0.99,0.0169,0.0446,0.937
100,100,0.2,0.6,75.0,10000,0.5,50,1.0,0.00827,0.0248,0.954
100,100,0.3,0.6,75.0,10000,0.5,50,1.0,0.0109,0.0277,0.964
100,100,0.1,1.2,75.0,10000,0.5,50,0.99,0.0284,0.0486,0.955
100,100,0.2,1.2,75.0,10000,0.5,50,1.0,0.0222,0.0391,0.942
100,100,0.3,1.2,75.0,10000,0.5,50,1.0,0.0141,0.0294,0.963
100,100,0.1,1.8,75.0,10000,0.5,50,1.0,0.049,0.0817,0.974
100,100,0.2,1.8,75.0,10000,0.5,50,1.0,0.0201,0.0314,0.953
100,100,0.3,1.8,75.0,10000,0.5,50,1.0,0.0231,0.043,0.963
100,100,0.1,0.6,25.0,100000,0.5,50,1.0,0.0394,0.319,0.952
100,100,0.2,0.6,25.0,100000,0.5,50,0.99,0.0222,0.214,0.919
100,100,0.3,0.6,25.0,100000,0.5,50,1.0,0.0124,0.131,0.936
100,100,0.1,1.2,25.0,100000,0.5,50,1.0,0.0483,0.242,0.949
100,100,0.2,1.2,25.0,100000,0.5,50,1.0,0.0364,0.182,0.961
100,100,0.3,1.2,25.0,100000,0.5,50,1.0,0.0184,0.107,0.967
100,100,0.1,1.8,25.0,100000,0.5,50,1.0,0.0341,0.19,0.948
100,100,0.2,1.8,25.0,100000,0.5,50,1.0,0.0266,0.161,0.946
100,100,0.3,1.8,25.0,100000,0.5,50,1.0,0.0417,0.132,0.952
100,100,0.1,0.6,50.0,100000,0.5,50,0.99,0.0737,0.3,0.964
100,100,0.2,0.6,50.0,100000,0.5,50,1.0,0.038,0.208,0.944
100,100,0.3,0.6,50.0,100000,0.5,50,0.99,0.041,0.173,0.922
100,100,0.1,1.2,50.0,100000,0.5,50,1.0,0.088,0.274,0.958
100,100,0.2,1.2,50.0,100000,0.5,50,1.0,0.0421,0.193,0.956
100,100,0.3,1.2,50.0,100000,0.5,50,0.99,0.0409,0.119,0.918
100,100,0.1,1.8,50.0,100000,0.5,50,1.0,0.0524,0.157,0.985
100,100,0.2,1.8,50.0,100000,0.5,50,1.0,0.0468,0.161,0.958
100,100,0.3,1.8,50.0,100000,0.5,50,1.0,0.0458,0.117,0.955
100,100,0.1,0.6,75.0,100000,0.5,50,1.0,0.133,0.303,0.966
100,100,0.2,0.6,75.0,100000,0.5,50,1.0,0.0801,0.221,0.962
100,100,0.3,0.6,75.0,100000,0.5,50,0.99,0.0487,0.13,0.943
100,100,0.1,1.2,75.0,100000,0.5,50,1.0,0.0906,0.232,0.969
100,100,0.2,1.2,75.0,100000,0.5,50,1.0,0.0794,0.168,0.951
100,100,0.3,1.2,75.0,100000,0.5,50,1.0,0.0533,0.12,0.962
100,100,0.1,1.8,75.0,100000,0.5,50,1.0,0.0935,0.209,0.957
100,100,0.2,1.8,75.0,100000,0.5,50,1.0,0.0733,0.146,0.932
100,100,0.3,1.8,75.0,100000,0.5,50,0.99,0.0608,0.136,0.932
100,100,0.1,0.6,25.0,1000,0.75,50,0.99,0.00215,0.0151,0.941
100,100,0.2,0.6,25.0,1000,0.75,50,1.0,0.0,0.0107,0.974
100,100,0.3,0.6,25.0,1000,0.75,50,1.0,0.0,0.004,0.958
100,100,0.1,1.2,25.0,1000,0.75,50,0.99,0.00429,0.0129,0.938
100,100,0.2,1.2,25.0,1000,0.75,50,0.99,0.0,0.00462,0.95
100,100,0.3,1.2,25.0,1000,0.75,50,1.0,0.00171,0.0119,0.955
100,100,0.1,1.8,25.0,1000,0.75,50,1.0,0.00474,0.0237,0.93
100,100,0.2,1.8,25.0,1000,0.75,50,1.0,0.00369,0.0148,0.949
100,100,0.3,1.8,25.0,1000,0.75,50,1.0,0.00457,0.00913,0.906
100,100,0.1,0.6,50.0,1000,0.75,50,1.0,0.00192,0.0134,0.983
100,100,0.2,0.6,50.0,1000,0.75,50,1.0,0.00175,0.00702,0.971
100,100,0.3,0.6,50.0,1000,0.75,50,1.0,0.00296,0.0104,0.961
100,100,0.1,1.2,50.0,1000,0.75,50,1.0,0.00282,0.0141,0.961
100,100,0.2,1.2,50.0,1000,0.75,50,1.0,0.00474,0.0118,0.949
100,100,0.3,1.2,50.0,1000,0.75,50,1.0,0.00224,0.00673,0.966
100,100,0.1,1.8,50.0,1000,0.75,50,0.99,0.00581,0.0174,0.945
100,100,0.2,1.8,50.0,1000,0.75,50,1.0,0.0149,0.0297,0.969
100,100,0.3,1.8,50.0,1000,0.75,50,0.99,0.00498,0.00746,0.93
100,100,0.1,0.6,75.0,1000,0.75,50,1.0,0.00399,0.014,0.979
100,100,0.2,0.6,75.0,1000,0.75,50,1.0,0.0,0.00935,0.957
100,100,0.3,0.6,75.0,1000,0.75,50,1.0,0.0,0.00307,0.966
100,100,0.1,1.2,75.0,1000,0.75,50,0.99,0.00633,0.0127,0.961
100,100,0.2,1.2,75.0,1000,0.75,50,0.99,0.00542,0.0108,0.92
100,100,0.3,1.2,75.0,1000,0.75,50,0.99,0.00566,0.0151,0.949
100,100,0.1,1.8,75.0,1000,0.75,50,1.0,0.0189,0.0252,0.937
100,100,0.2,1.8,75.0,1000,0.75,50,0.97,0.0105,0.0105,0.93
100,100,0.3,1.8,75.0,1000,0.75,50,1.0,0.0305,0.0305,0.958
100,100,0.1,0.6,25.0,10000,0.75,50,1.0,0.0106,0.0476,0.938
100,100,0.2,0.6,25.0,10000,0.75,50,1.0,0.00328,0.04,0.972
100,100,0.3,0.6,25.0,10000,0.75,50,1.0,0.00195,0.0273,0.971
100,100,0.1,1.2,25.0,10000,0.75,50,1.0,0.00502,0.0569,0.972
100,100,0.2,1.2,25.0,10000,0.75,50,0.99,0.0102,0.0453,0.945
100,100,0.3,1.2,25.0,10000,0.75,50,1.0,0.00828,0.0339,0.956
100,100,0.1,1.8,25.0,10000,0.75,50,1.0,0.0149,0.0681,0.917
100,100,0.2,1.8,25.0,10000,0.75,50,1.0,0.0207,0.0489,0.952
100,100,0.3,1.8,25.0,10000,0.75,50,0.99,0.0201,0.0414,0.954
100,100,0.1,0.6,50.0,10000,0.75,50,1.0,0.0131,0.057,0.958
100,100,0.2,0.6,50.0,10000,0.75,50,1.0,0.00783,0.0313,0.929
100,100,0.3,0.6,50.0,10000,0.75,50,1.0,0.00447,0.0228,0.962
100,100,0.1,1.2,50.0,10000,0.75,50,1.0,0.0224,0.0478,0.953
100,100,0.2,1.2,50.0,10000,0.75,50,1.0,0.0135,0.0389,0.956
100,100,0.3,1.2,50.0,10000,0.75,50,0.99,0.00767,0.026,0.942
100,100,0.1,1.8,50.0,10000,0.75,50,0.99,0.0172,0.0517,0.962
100,100,0.2,1.8,50.0,10000,0.75,50,0.97,0.0123,0.0423,0.904
100,100,0.3,1.8,50.0,10000,0.75,50,1.0,0.0165,0.04,0.942
100,100,0.1,0.6,75.0,10000,0.75,50,1.0,0.0194,0.0593,0.964
100,100,0.2,0.6,75.0,10000,0.75,50,0.99,0.014,0.0371,0.923
100,100,0.3,0.6,75.0,10000,0.75,50,1.0,0.00751,0.0188,0.966
100,100,0.1,1.2,75.0,10000,0.75,50,1.0,0.0196,0.0448,0.965
100,100,0.2,1.2,75.0,10000,0.75,50,0.99,0.0113,0.0375,0.941
100,100,0.3,1.2,75.0,10000,0.75,50,0.99,0.01,0.0281,0.949
100,100,0.1,1.8,75.0,10000,0.75,50,1.0,0.0325,0.065,0.966
100,100,0.2,1.8,75.0,10000,0.75,50,0.99,0.0203,0.0542,0.94
100,100,0.3,1.8,75.0,10000,0.75,50,1.0,0.0278,0.0459,0.94
100,100,0.1,0.6,25.0,100000,0.75,50,1.0,0.0257,0.261,0.963
100,100,0.2,0.6,25.0,100000,0.75,50,1.0,0.0172,0.205,0.966
100,100,0.3,0.6,25.0,100000,0.75,50,0.98,0.0116,0.128,0.922
100,100,0.1,1.2,25.0,100000,0.75,50,0.99,0.0422,0.21,0.867
100,100,0.2,1.2,25.0,100000,0.75,50,1.0,0.0261,0.146,0.968
100,100,0.3,1.2,25.0,100000,0.75,50,1.0,0.0176,0.122,0.944
100,100,0.1,1.8,25.0,100000,0.75,50,1.0,0.0424,0.169,0.961
100,100,0.2,1.8,25.0,100000,0.75,50,1.0,0.0153,0.0994,0.958
100,100,0.3,1.8,25.0,100000,0.75,50,1.0,0.0276,0.108,0.974
100,100,0.1,0.6,50.0,100000,0.75,50,1.0,0.0734,0.325,0.949
100,100,0.2,0.6,50.0,100000,0.75,50,1.0,0.0598,0.216,0.974
100,100,0.3,0.6,50.0,100000,0.75,50,1.0,0.04,0.147,0.953
100,100,0.1,1.2,50.0,100000,0.75,50,1.0,0.049,0.174,0.969
100,100,0.2,1.2,50.0,100000,0.75,50,0.98,0.0464,0.142,0.91
100,100,0.3,1.2,50.0,100000,0.75,50,1.0,0.0372,0.109,0.973
100,100,0.1,1.8,50.0,100000,0.75,50,1.0,0.0355,0.137,0.98
100,100,0.2,1.8,50.0,100000,0.75,50,1.0,0.0568,0.139,0.94
100,100,0.3,1.8,50.0,100000,0.75,50,1.0,0.0501,0.116,0.957
100,100,0.1,0.6,75.0,100000,0.75,50,1.0,0.158,0.375,0.967
100,100,0.2,0.6,75.0,100000,0.75,50,1.0,0.0696,0.216,0.936
100,100,0.3,0.6,75.0,100000,0.75,50,0.98,0.0458,0.141,0.921
100,100,0.1,1.2,75.0,100000,0.75,50,1.0,0.0801,0.158,0.966
100,100,0.2,1.2,75.0,100000,0.75,50,0.99,0.0515,0.139,0.904
100,100,0.3,1.2,75.0,100000,0.75,50,1.0,0.0626,0.121,0.956
100,100,0.1,1.8,75.0,100000,0.75,50,0.99,0.0475,0.131,0.945
100,100,0.2,1.8,75.0,100000,0.75,50,1.0,0.068,0.165,0.97
100,100,0.3,1.8,75.0,100000,0.75,50,0.97,0.0359,0.0997,0.885
100,100,0.1,0.6,25.0,1000,0.25,100,1.0,0.00225,0.018,0.971
100,100,0.2,0.6,25.0,1000,0.25,100,1.0,0.00517,0.0207,0.968
100,100,0.3,0.6,25.0,1000,0.25,100,1.0,0.00463,0.00926,0.977
100,100,0.1,1.2,25.0,1000,0.25,100,1.0,0.00565,0.0282,0.968
100,100,0.2,1.2,25.0,1000,0.25,100,1.0,0.0126,0.0251,0.935
100,100,0.3,1.2,25.0,1000,0.25,100,1.0,0.0057,0.0228,0.983
100,100,0.1,1.8,25.0,1000,0.25,100,1.0,0.0179,0.0476,0.988
100,100,0.2,1.8,25.0,1000,0.25,100,1.0,0.0,0.0203,0.972
100,100,0.3,1.8,25.0,1000,0.25,100,1.0,0.0185,0.0324,0.972
100,100,0.1,0.6,50.0,1000,0.25,100,1.0,0.00828,0.0248,0.986
100,100,0.2,0.6,50.0,1000,0.25,100,1.0,0.00156,0.014,0.979
100,100,0.3,0.6,50.0,1000,0.25,100,1.0,0.00296,0.0163,0.951
100,100,0.1,1.2,50.0,1000,0.25,100,1.0,0.0123,0.0431,0.965
100,100,0.2,1.2,50.0,1000,0.25,100,1.0,0.00222,0.0178,0.985
100,100,0.3,1.2,50.0,1000,0.25,100,1.0,0.0109,0.0174,0.984
100,100,0.1,1.8,50.0,1000,0.25,100,1.0,0.0297,0.0495,0.987
100,100,0.2,1.8,50.0,1000,0.25,100,1.0,0.0,0.0386,0.975
100,100,0.3,1.8,50.0,1000,0.25,100,1.0,0.0233,0.0326,0.983
100,100,0.1,0.6,75.0,1000,0.25,100,1.0,0.00252,0.0202,0.962
100,100,0.2,0.6,75.0,1000,0.25,100,1.0,0.0116,0.0198,0.976
100,100,0.3,0.6,75.0,1000,0.25,100,1.0,0.00149,0.0164,0.982
100,100,0.1,1.2,75.0,1000,0.25,100,1.0,0.00623,0.0312,0.975
100,100,0.2,1.2,75.0,1000,0.25,100,1.0,0.00433,0.013,0.985
100,100,0.3,1.2,75.0,1000,0.25,100,1.0,0.0109,0.0255,0.992
100,100,0.1,1.8,75.0,1000,0.25,100,1.0,0.00455,0.0182,0.961
100,100,0.2,1.8,75.0,1000,0.25,100,1.0,0.0235,0.0706,0.941
100,100,0.3,1.8,75.0,1000,0.25,100,0.99,0.0131,0.0197,0.968
100,100,0.1,0.6,25.0,10000,0.25,100,1.0,0.0126,0.0854,0.96
100,100,0.2,0.6,25.0,10000,0.25,100,1.0,0.00603,0.0641,0.967
100,100,0.3,0.6,25.0,10000,0.25,100,1.0,0.00308,0.0396,0.971
100,100,0.1,1.2,25.0,10000,0.25,100,1.0,0.0204,0.114,0.974
100,100,0.2,1.2,25.0,10000,0.25,100,1.0,0.0115,0.0825,0.964
100,100,0.3,1.2,25.0,10000,0.25,100,1.0,0.0106,0.0522,0.956
100,100,0.1,1.8,25.0,10000,0.25,100,1.0,0.0221,0.103,0.976
100,100,0.2,1.8,25.0,10000,0.25,100,1.0,0.0277,0.0896,0.974
100,100,0.3,1.8,25.0,10000,0.25,100,1.0,0.0321,0.084,0.975
100,100,0.1,0.6,50.0,10000,0.25,100,1.0,0.0248,0.0819,0.984
100,100,0.2,0.6,50.0,10000,0.25,100,0.99,0.0145,0.0514,0.94
100,100,0.3,0.6,50.0,10000,0.25,100,1.0,0.00877,0.0487,0.944
100,100,0.1,1.2,50.0,10000,0.25,100,1.0,0.0223,0.0832,0.952
100,100,0.2,1.2,50.0,10000,0.25,100,1.0,0.03,0.0698,0.979
100,100,0.3,1.2,50.0,10000,0.25,100,1.0,0.0193,0.0571,0.98
100,100,0.1,1.8,50.0,10000,0.25,100,1.0,0.0246,0.0924,0.962
100,100,0.2,1.8,50.0,10000,0.25,100,1.0,0.0509,0.105,0.97
100,100,0.3,1.8,50.0,10000,0.25,100,1.0,0.0179,0.0765,0.976
100,100,0.1,0.6,75.0,10000,0.25,100,1.0,0.0364,0.105,0.968
100,100,0.2,0.6,75.0,10000,0.25,100,1.0,0.0235,0.0603,0.976
100,100,0.3,0.6,75.0,10000,0.25,100,1.0,0.0154,0.036,0.978
100,100,0.1,1.2,75.0,10000,0.25,100,1.0,0.0515,0.11,0.969
100,100,0.2,1.2,75.0,10000,0.25,100,1.0,0.042,0.0768,0.984
100,100,0.3,1.2,75.0,10000,0.25,100,0.99,0.0178,0.0544,0.955
100,100,0.1,1.8,75.0,10000,0.25,100,1.0,0.0455,0.105,0.985
100,100,0.2,1.8,75.0,10000,0.25,100,1.0,0.0487,0.0769,0.975
100,100,0.3,1.8,75.0,10000,0.25,100,1.0,0.0455,0.0711,0.977
100,100,0.1,0.6,25.0,100000,0.25,100,1.0,0.0652,0.432,0.966
100,100,0.2,0.6,25.0,100000,0.25,100,1.0,0.0337,0.336,0.955
100,100,0.3,0.6,25.0,100000,0.25,100,1.0,0.0292,0.239,0.983
100,100,0.1,1.2,25.0,100000,0.25,100,1.0,0.072,0.4,0.977
100,100,0.2,1.2,25.0,100000,0.25,100,1.0,0.0447,0.243,0.976
100,100,0.3,1.2,25.0,100000,0.25,100,1.0,0.0387,0.178,0.98
100,100,0.1,1.8,25.0,100000,0.25,100,1.0,0.0474,0.253,0.97
100,100,0.2,1.8,25.0,100000,0.25,100,1.0,0.065,0.239,0.978
100,100,0.3,1.8,25.0,100000,0.25,100,1.0,0.05,0.191,0.96
100,100,0.1,0.6,50.0,100000,0.25,100,1.0,0.159,0.492,0.98
100,100,0.2,0.6,50.0,100000,0.25,100,1.0,0.0947,0.324,0.979
100,100,0.3,0.6,50.0,100000,0.25,100,1.0,0.059,0.249,0.984
100,100,0.1,1.2,50.0,100000,0.25,100,0.99,0.116,0.324,0.926
100,100,0.2,1.2,50.0,100000,0.25,100,1.0,0.0737,0.263,0.981
100,100,0.3,1.2,50.0,100000,0.25,100,1.0,0.0567,0.202,0.952
100,100,0.1,1.8,50.0,100000,0.25,100,1.0,0.103,0.248,0.963
100,100,0.2,1.8,50.0,100000,0.25,100,1.0,0.062,0.209,0.955
100,100,0.3,1.8,50.0,100000,0.25,100,0.99,0.0463,0.155,0.97
100,100,0.1,0.6,75.0,100000,0.25,100,1.0,0.244,0.486,0.961
100,100,0.2,0.6,75.0,100000,0.25,100,1.0,0.136,0.334,0.984
100,100,0.3,0.6,75.0,100000,0.25,100,1.0,0.099,0.279,0.971
100,100,0.1,1.2,75.0,100000,0.25,100,1.0,0.142,0.317,0.958
100,100,0.2,1.2,75.0,100000,0.25,100,1.0,0.11,0.284,0.964
100,100,0.3,1.2,75.0,100000,0.25,100,1.0,0.104,0.248,0.958
100,100,0.1,1.8,75.0,100000,0.25,100,1.0,0.113,0.287,0.941
100,100,0.2,1.8,75.0,100000,0.25,100,1.0,0.0965,0.209,0.977
100,100,0.3,1.8,75.0,100000,0.25,100,1.0,0.0864,0.2,0.982
100,100,0.1,0.6,25.0,1000,0.5,100,1.0,0.00826,0.0393,0.981
100,100,0.2,0.6,25.0,1000,0.5,100,1.0,0.0,0.0165,0.986
100,100,0.3,0.6,25.0,1000,0.5,100,1.0,0.003,0.015,0.974
100,100,0.1,1.2,25.0,1000,0.5,100,1.0,0.0,0.0253,0.959
100,100,0.2,1.2,25.0,1000,0.5,100,1.0,0.0,0.0238,0.969
100,100,0.3,1.2,25.0,1000,0.5,100,1.0,0.0,0.0251,0.984
100,100,0.1,1.8,25.0,1000,0.5,100,1.0,0.0117,0.0468,0.983
100,100,0.2,1.8,25.0,1000,0.5,100,1.0,0.00346,0.0242,0.964
100,100,0.3,1.8,25.0,1000,0.5,100,1.0,0.0377,0.0566,0.973
100,100,0.1,0.6,50.0,1000,0.5,100,1.0,0.00417,0.0104,0.972
100,100,0.2,0.6,50.0,1000,0.5,100,1.0,0.00167,0.0134,0.977
100,100,0.3,0.6,50.0,1000,0.5,100,0.99,0.00286,0.00571,0.952
100,100,0.1,1.2,50.0,1000,0.5,100,1.0,0.0133,0.0233,0.979
100,100,0.2,1.2,50.0,1000,0.5,100,1.0,0.00597,0.0209,0.981
100,100,0.3,1.2,50.0,1000,0.5,100,1.0,0.0121,0.0263,0.98
100,100,0.1,1.8,50.0,1000,0.5,100,1.0,0.0245,0.0531,0.97
100,100,0.2,1.8,50.0,1000,0.5,100,1.0,0.0153,0.0268,0.984
100,100,0.3,1.8,50.0,1000,0.5,100,1.0,0.0101,0.0338,0.976
100,100,0.1,0.6,75.0,1000,0.5,100,1.0,0.0104,0.0331,0.985
100,100,0.2,0.6,75.0,1000,0.5,100,1.0,0.00482,0.0145,0.982
100,100,0.3,0.6,75.0,1000,0.5,100,1.0,0.00624,0.0109,0.978
100,100,0.1,1.2,75.0,1000,0.5,100,1.0,0.00563,0.0366,0.961
100,100,0.2,1.2,75.0,1000,0.5,100,1.0,0.0228,0.0388,0.963
100,100,0.3,1.2,75.0,1000,0.5,100,1.0,0.012,0.0201,0.982
100,100,0.1,1.8,75.0,1000,0.5,100,1.0,0.0308,0.0359,0.983
100,100,0.2,1.8,75.0,1000,0.5,100,1.0,0.0083,0.0207,0.983
100,100,0.3,1.8,75.0,1000,0.5,100,1.0,0.0234,0.0368,0.973
100,100,0.1,0.6,25.0,10000,0.5,100,0.99,0.00933,0.0922,0.96
100,100,0.2,0.6,25.0,10000,0.5,100,1.0,0.0036,0.0699,0.971
100,100,0.3,0.6,25.0,10000,0.5,100,1.0,0.0013,0.0346,0.974
100,100,0.1,1.2,25.0,10000,0.5,100,1.0,0.0111,0.0927,0.977
100,100,0.2,1.2,25.0,10000,0.5,100,1.0,0.0108,0.055,0.958
100,100,0.3,1.2,25.0,10000,0.5,100,1.0,0.0076,0.0526,0.959
100,100,0.1,1.8,25.0,10000,0.5,100,1.0,0.0257,0.111,0.99
100,100,0.2,1.8,25.0,10000,0.5,100,1.0,0.0176,0.088,0.976
100,100,0.3,1.8,25.0,10000,0.5,100,1.0,0.0101,0.0654,0.97
100,100,0.1,0.6,50.0,10000,0.5,100,1.0,0.0232,0.0907,0.981
100,100,0.2,0.6,50.0,10000,0.5,100,1.0,0.0124,0.0551,0.983
100,100,0.3,0.6,50.0,10000,0.5,100,1.0,0.00992,0.0349,0.982
100,100,0.1,1.2,50.0,10000,0.5,100,0.99,0.0235,0.0831,0.969
100,100,0.2,1.2,50.0,10000,0.5,100,1.0,0.0207,0.0648,0.978
100,100,0.3,1.2,50.0,10000,0.5,100,1.0,0.0235,0.0682,0.963
100,100,0.1,1.8,50.0,10000,0.5,100,1.0,0.0504,0.137,0.978
100,100,0.2,1.8,50.0,10000,0.5,100,1.0,0.0299,0.0736,0.977
100,100,0.3,1.8,50.0,10000,0.5,100,1.0,0.0451,0.0767,0.961
100,100,0.1,0.6,75.0,10000,0.5,100,1.0,0.0394,0.116,0.991
100,100,0.2,0.6,75.0,10000,0.5,100,1.0,0.022,0.0668,0.95
100,100,0.3,0.6,75.0,10000,0.5,100,0.98,0.019,0.06,0.928
100,100,0.1,1.2,75.0,10000,0.5,100,1.0,0.0403,0.0756,0.981
100,100,0.2,1.2,75.0,10000,0.5,100,1.0,0.0142,0.0402,0.989
100,100,0.3,1.2,75.0,10000,0.5,100,1.0,0.03,0.057,0.971
100,100,0.1,1.8,75.0,10000,0.5,100,1.0,0.0374,0.114,0.973
100,100,0.2,1.8,75.0,10000,0.5,100,1.0,0.0276,0.0827,0.975
100,100,0.3,1.8,75.0,10000,0.5,100,1.0,0.0458,0.0729,0.986
100,100,0.1,0.6,25.0,100000,0.5,100,1.0,0.0741,0.473,0.986
100,100,0.2,0.6,25.0,100000,0.5,100,1.0,0.0386,0.296,0.981
100,100,0.3,0.6,25.0,100000,0.5,100,1.0,0.0217,0.227,0.953
100,100,0.1,1.2,25.0,100000,0.5,100,1.0,0.0708,0.317,0.969
100,100,0.2,1.2,25.0,100000,0.5,100,1.0,0.0438,0.254,0.983
100,100,0.3,1.2,25.0,100000,0.5,100,1.0,0.0393,0.184,0.982
100,100,0.1,1.8,25.0,100000,0.5,100,1.0,0.0502,0.253,0.968
100,100,0.2,1.8,25.0,100000,0.5,100,1.0,0.0244,0.165,0.961
100,100,0.3,1.8,25.0,100000,0.5,100,1.0,0.0558,0.166,0.968
100,100,0.1,0.6,50.0,100000,0.5,100,1.0,0.14,0.492,0.977
100,100,0.2,0.6,50.0,100000,0.5,100,1.0,0.0861,0.306,0.981
100,100,0.3,0.6,50.0,100000,0.5,100,1.0,0.0518,0.227,0.982
100,100,0.1,1.2,50.0,100000,0.5,100,1.0,0.099,0.292,0.959
100,100,0.2,1.2,50.0,100000,0.5,100,0.99,0.0834,0.233,0.952
100,100,0.3,1.2,50.0,100000,0.5,100,1.0,0.0556,0.202,0.971
100,100,0.1,1.8,50.0,100000,0.5,100,1.0,0.0676,0.298,0.957
100,100,0.2,1.8,50.0,100000,0.5,100,1.0,0.0919,0.243,0.971
100,100,0.3,1.8,50.0,100000,0.5,100,1.0,0.0528,0.167,0.974
100,100,0.1,0.6,75.0,100000,0.5,100,1.0,0.188,0.431,0.97
100,100,0.2,0.6,75.0,100000,0.5,100,1.0,0.126,0.341,0.982
100,100,0.3,0.6,75.0,100000,0.5,100,1.0,0.0886,0.232,0.955
100,100,0.1,1.2,75.0,100000,0.5,100,1.0,0.187,0.377,0.98
100,100,0.2,1.2,75.0,100000,0.5,100,1.0,0.12,0.293,0.987
100,100,0.3,1.2,75.0,100000,0.5,100,1.0,0.0987,0.229,0.976
100,100,0.1,1.8,75.0,100000,0.5,100,1.0,0.115,0.274,0.962
100,100,0.2,1.8,75.0,100000,0.5,100,1.0,0.089,0.199,0.969
100,100,0.3,1.8,75.0,100000,0.5,100,1.0,0.0446,0.162,0.981
100,100,0.1,0.6,25.0,1000,0.75,100,1.0,0.0,0.0211,0.968
100,100,0.2,0.6,25.0,1000,0.75,100,1.0,0.00338,0.0152,0.965
100,100,0.3,0.6,25.0,1000,0.75,100,1.0,0.00603,0.0196,0.969
100,100,0.1,1.2,25.0,1000,0.75,100,1.0,0.00667,0.0433,0.987
100,100,0.2,1.2,25.0,1000,0.75,100,1.0,0.0,0.0239,0.976
100,100,0.3,1.2,25.0,1000,0.75,100,1.0,0.00508,0.0152,0.981
100,100,0.1,1.8,25.0,1000,0.75,100,1.0,0.00806,0.0363,0.981
100,100,0.2,1.8,25.0,1000,0.75,100,1.0,0.0182,0.0606,0.986
100,100,0.3,1.8,25.0,1000,0.75,100,1.0,0.0108,0.0217,0.979
100,100,0.1,0.6,50.0,1000,0.75,100,1.0,0.00937,0.0141,0.971
100,100,0.2,0.6,50.0,1000,0.75,100,1.0,0.00177,0.0053,0.974
100,100,0.3,0.6,50.0,1000,0.75,100,1.0,0.0013,0.0156,0.978
100,100,0.1,1.2,50.0,1000,0.75,100,1.0,0.0109,0.0291,0.988
100,100,0.2,1.2,50.0,1000,0.75,100,1.0,0.00234,0.0117,0.966
100,100,0.3,1.2,50.0,1000,0.75,100,1.0,0.00808,0.0283,0.981
100,100,0.1,1.8,50.0,1000,0.75,100,1.0,0.00823,0.0412,0.954
100,100,0.2,1.8,50.0,1000,0.75,100,1.0,0.00943,0.0157,0.962
100,100,0.3,1.8,50.0,1000,0.75,100,1.0,0.012,0.0271,0.978
100,100,0.1,0.6,75.0,1000,0.75,100,1.0,0.0151,0.0346,0.974
100,100,0.2,0.6,75.0,1000,0.75,100,1.0,0.00671,0.0185,0.975
100,100,0.3,0.6,75.0,1000,0.75,100,1.0,0.00741,0.0193,0.99
100,100,0.1,1.2,75.0,1000,0.75,100,1.0,0.00971,0.0162,0.955
100,100,0.2,1.2,75.0,1000,0.75,100,1.0,0.012,0.015,0.976
100,100,0.3,1.2,75.0,1000,0.75,100,1.0,0.0189,0.0297,0.981
100,100,0.1,1.8,75.0,1000,0.75,100,1.0,0.0245,0.0441,0.984
100,100,0.2,1.8,75.0,1000,0.75,100,1.0,0.0128,0.0255,0.964
100,100,0.3,1.8,75.0,1000,0.75,100,1.0,0.0174,0.0232,0.985
100,100,0.1,0.6,25.0,10000,0.75,100,1.0,0.00527,0.109,0.969
100,100,0.2,0.6,25.0,10000,0.75,100,1.0,0.0026,0.0597,0.984
100,100,0.3,0.6,25.0,10000,0.75,100,1.0,0.00135,0.0414,0.971
100,100,0.1,1.2,25.0,10000,0.75,100,1.0,0.0211,0.109,0.969
100,100,0.2,1.2,25.0,10000,0.75,100,1.0,0.0142,0.0701,0.975
100,100,0.3,1.2,25.0,10000,0.75,100,1.0,0.0119,0.0536,0.978
100,100,0.1,1.8,25.0,10000,0.75,100,1.0,0.0238,0.106,0.97
100,100,0.2,1.8,25.0,10000,0.75,100,1.0,0.0243,0.0858,0.961
100,100,0.3,1.8,25.0,10000,0.75,100,1.0,0.0246,0.0716,0.966
100,100,0.1,0.6,50.0,10000,0.75,100,1.0,0.027,0.0919,0.972
100,100,0.2,0.6,50.0,10000,0.75,100,1.0,0.0104,0.0467,0.986
100,100,0.3,0.6,50.0,10000,0.75,100,1.0,0.0143,0.0527,0.961
100,100,0.1,1.2,50.0,10000,0.75,100,1.0,0.0394,0.0992,0.963
100,100,0.2,1.2,50.0,10000,0.75,100,1.0,0.0293,0.0762,0.967
100,100,0.3,1.2,50.0,10000,0.75,100,1.0,0.0218,0.0537,0.96
100,100,0.1,1.8,50.0,10000,0.75,100,0.99,0.0771,0.138,0.981
100,100,0.2,1.8,50.0,10000,0.75,100,1.0,0.0276,0.0849,0.964
100,100,0.3,1.8,50.0,10000,0.75,100,1.0,0.0392,0.0882,0.973
100,100,0.1,0.6,75.0,10000,0.75,100,1.0,0.0308,0.119,0.983
100,100,0.2,0.6,75.0,10000,0.75,100,1.0,0.0194,0.0635,0.972
100,100,0.3,0.6,75.0,10000,0.75,100,1.0,0.0157,0.0479,0.982
100,100,0.1,1.2,75.0,10000,0.75,100,1.0,0.0336,0.106,0.973
100,100,0.2,1.2,75.0,10000,0.75,100,1.0,0.0492,0.0901,0.979
100,100,0.3,1.2,75.0,10000,0.75,100,1.0,0.0187,0.0456,0.962
100,100,0.1,1.8,75.0,10000,0.75,100,1.0,0.0675,0.106,0.944
100,100,0.2,1.8,75.0,10000,0.75,100,1.0,0.0358,0.0705,0.978
100,100,0.3,1.8,75.0,10000,0.75,100,1.0,0.0458,0.0755,0.963
100,100,0.1,0.6,25.0,100000,0.75,100,1.0,0.045,0.394,0.95
100,100,0.2,0.6,25.0,100000,0.75,100,1.0,0.0366,0.337,0.975
100,100,0.3,0.6,25.0,100000,0.75,100,1.0,0.0191,0.235,0.966
100,100,0.1,1.2,25.0,100000,0.75,100,1.0,0.048,0.31,0.976
100,100,0.2,1.2,25.0,100000,0.75,100,1.0,0.0308,0.24,0.963
100,100,0.3,1.2,25.0,100000,0.75,100,1.0,0.0377,0.192,0.973
100,100,0.1,1.8,25.0,100000,0.75,100,1.0,0.0443,0.213,0.974
100,100,0.2,1.8,25.0,100000,0.75,100,0.99,0.0386,0.243,0.958
100,100,0.3,1.8,25.0,100000,0.75,100,1.0,0.0333,0.172,0.939
100,100,0.1,0.6,50.0,100000,0.75,100,1.0,0.179,0.492,0.964
100,100,0.2,0.6,50.0,100000,0.75,100,1.0,0.0798,0.319,0.971
100,100,0.3,0.6,50.0,100000,0.75,100,1.0,0.0663,0.254,0.981
100,100,0.1,1.2,50.0,100000,0.75,100,1.0,0.109,0.336,0.984
100,100,0.2,1.2,50.0,100000,0.75,100,1.0,0.0613,0.194,0.977
100,100,0.3,1.2,50.0,100000,0.75,100,1.0,0.0637,0.197,0.972
100,100,0.1,1.8,50.0,100000,0.75,100,1.0,0.0842,0.268,0.986
100,100,0.2,1.8,50.0,100000,0.75,100,1.0,0.0717,0.217,0.983
100,100,0.3,1.8,50.0,100000,0.75,100,1.0,0.0621,0.192,0.981
100,100,0.1,0.6,75.0,100000,0.75,100,1.0,0.227,0.521,0.974
100,100,0.2,0.6,75.0,100000,0.75,100,1.0,0.12,0.286,0.968
100,100,0.3,0.6,75.0,100000,0.75,100,1.0,0.0984,0.251,0.98
100,100,0.1,1.2,75.0,100000,0.75,100,1.0,0.16,0.337,0.981
100,100,0.2,1.2,75.0,100000,0.75,100,1.0,0.102,0.217,0.978
100,100,0.3,1.2,75.0,100000,0.75,100,1.0,0.0831,0.183,0.969
100,100,0.1,1.8,75.0,100000,0.75,100,1.0,0.104,0.229,0.969
100,100,0.2,1.8,75.0,100000,0.75,100,1.0,0.0831,0.197,0.978
100,100,0.3,1.8,75.0,100000,0.75,100,1.0,0.0991,0.203,0.98
