sim,variable,eff,eff_low,eff_upp,rmse,occ,set,deg,rank,eff_confint_upp,eff_confint_low
1,node_55,3305.9067718190963,3070.079320523488,3675.6184358449896,0.009940795925508351,0.4981,species,57,1,3070.079320523488,3675.6184358449896
1,node_71,1470.5401631337872,1349.3475648695826,1634.996056253221,0.01404230158566168,0.6931,species,32,2,1349.3475648695826,1634.996056253221
1,node_13,5673.265084865124,5011.58585768882,6888.023691487396,0.017977326461114704,0.7957,species,20,3,5011.58585768882,6888.023691487396
1,node_5,26733.563080779742,10421.027196556306,1.3076069489888446e7,0.054522684640119626,0.6274,species,6,4,10421.027196556306,1.3076069489888446e7
2,node_65,970.0459737864086,911.7239568910576,1048.7468632238995,0.011928144864664722,0.5334,species,61,1,911.7239568910576,1048.7468632238995
2,node_35,2805.8159772997797,2600.4559548677676,3182.627135394481,0.014467399301466942,0.2025,species,31,2,2600.4559548677676,3182.627135394481
2,node_15,21974.885173895742,18099.436701278508,33513.30159204824,0.022079331501565033,0.4073,species,13,3,18099.436701278508,33513.30159204824
2,node_73,31184.937997222285,17354.930000091597,142036.8934541706,0.03349926447530002,0.7544,species,10,4,17354.930000091597,142036.8934541706
3,node_62,2453.905891003822,2287.990669810254,2652.993956349914,0.013236416269025636,0.6219,species,55,1,2287.990669810254,2652.993956349914
3,node_22,603.832028827028,559.6370566733591,656.7506787937336,0.02471063399207932,0.4643,species,37,2,559.6370566733591,656.7506787937336
3,node_8,10631.567175621605,9391.5956517799,14937.302597749405,0.022780130726235515,0.9205,species,14,3,9391.5956517799,14937.302597749405
3,node_60,1561.482658183051,1387.6670983474569,1880.719457264302,0.03116174956668424,0.5221,species,15,4,1387.6670983474569,1880.719457264302
4,node_61,2193.8758962932125,2070.23886559884,2371.8674441368676,0.012762934509910943,0.3718,species,55,1,2070.23886559884,2371.8674441368676
4,node_45,2439.2250740737272,2269.7579493125136,2679.659668810841,0.021260402832811085,0.0697,species,33,2,2269.7579493125136,2679.659668810841
4,node_9,2116.2934690336892,1858.283465387388,2400.504193965931,0.024035164424154404,0.2137,species,20,3,1858.283465387388,2400.504193965931
4,node_4,477.83842816014914,406.3669045645607,552.9608815484368,0.03021608116726516,0.4317,species,12,4,406.3669045645607,552.9608815484368
5,node_65,368.42849756726486,343.5180493337017,395.14534413244604,0.017760172949414718,0.5024,species,67,1,343.5180493337017,395.14534413244604
5,node_19,4892.727912350973,4313.447213587398,5718.837810641138,0.01599009012865433,0.6676,species,26,2,4313.447213587398,5718.837810641138
5,node_11,4525.563964614372,4046.0091544257007,5342.847786158859,0.018116177247117792,0.2261,species,25,3,4046.0091544257007,5342.847786158859
5,node_66,879.4824988916437,787.8617765090737,1015.7149893490297,0.028657208153581144,0.6814,species,14,4,787.8617765090737,1015.7149893490297
6,node_62,465.5735371060913,439.33589540770225,502.3402402086314,0.015933517505737464,0.3335,species,59,1,439.33589540770225,502.3402402086314
6,node_29,201.3785057299656,182.577812009405,231.18079152071599,0.0220388655331592,0.8738,species,29,2,182.577812009405,231.18079152071599
6,node_37,385.0029731746248,342.14658474788195,436.70751023818724,0.025689584141811914,0.4836,species,20,3,342.14658474788195,436.70751023818724
6,node_3,265641.974908278,14208.730702713947,1.3076069489888446e7,0.02462619163449992,0.4043,species,2,4,14208.730702713947,1.3076069489888446e7
7,node_45,214.68946837828153,199.7737448112803,230.71884584278197,0.009538445787641979,0.1595,species,63,1,199.7737448112803,230.71884584278197
7,node_64,2029.2413305954572,1828.7846003444001,2260.696147023217,0.016002325738646538,0.2916,species,25,2,1828.7846003444001,2260.696147023217
7,node_36,919.0477369805282,826.6054244584506,1032.0987883963885,0.029829498030959464,0.3554,species,23,3,826.6054244584506,1032.0987883963885
7,node_2,12059.349030247336,5787.884218820949,226361.53683102332,0.11085413467569234,0.4757,species,3,4,5787.884218820949,226361.53683102332
8,node_63,9892.930491328538,8617.59987293597,11356.999065786802,0.010119995297010066,0.9203,species,42,1,8617.59987293597,11356.999065786802
8,node_37,4177.588648168539,3757.3863671951112,4776.688877348319,0.015079363715959004,0.8318,species,26,2,3757.3863671951112,4776.688877348319
8,node_30,5549.803959323047,4882.9512587737045,6409.472703023665,0.016294079337108313,0.6212,species,25,3,4882.9512587737045,6409.472703023665
8,node_4,3697.7406589785046,3113.3670669085677,4786.252772199069,0.02989329892570385,0.6961,species,13,4,3113.3670669085677,4786.252772199069
9,node_66,1821.4833440659354,1708.5495474501145,1961.400176747384,0.021242855073094816,0.2588,species,61,1,1708.5495474501145,1961.400176747384
9,node_71,3531.481248147461,3221.0525951733366,3973.825374434415,0.014922051126894565,0.5314,species,33,2,3221.0525951733366,3973.825374434415
9,node_43,19764.54383781226,14553.90022111699,29076.43990661284,0.020433464730520646,0.6538,species,16,3,14553.90022111699,29076.43990661284
9,node_3,7255.714803862385,5799.47273075851,9023.309822097826,0.028731439332778972,0.6261,species,12,4,5799.47273075851,9023.309822097826
10,node_54,2116.2934690336892,1981.1145575543092,2283.418804673366,0.009277768727121589,0.6044,species,56,1,1981.1145575543092,2283.418804673366
10,node_43,13678.876936111197,11563.296787674662,17529.367477438376,0.013585201870665052,0.6902,species,25,2,11563.296787674662,17529.367477438376
10,node_53,700.1613880101477,633.525886611436,791.0198513611123,0.021297201565818293,0.7761,species,24,3,633.525886611436,791.0198513611123
10,node_68,5153.907700519226,4296.226167683949,6182.8133689225815,0.025557764488908036,0.2799,species,13,4,4296.226167683949,6182.8133689225815
11,node_41,3406.596842645898,3176.2676068194637,3697.7406589785046,0.013523127311527989,0.5164,species,55,1,3176.2676068194637,3697.7406589785046
11,node_23,10194.245664626176,8704.216896606511,12856.462624485024,0.01487380594400178,0.4862,species,23,2,8704.216896606511,12856.462624485024
11,node_33,6345.691037719557,5505.578243832697,7582.127306762289,0.018106043547365412,0.374,species,20,3,5505.578243832697,7582.127306762289
11,node_68,760.0004790355695,670.0192627400498,877.725116124203,0.026066169803839526,0.5257,species,13,4,670.0192627400498,877.725116124203
12,node_67,6578.321398559876,5916.641685823429,7255.714803862385,0.008975493351070212,0.4739,species,63,1,5916.641685823429,7255.714803862385
12,node_21,3413.417536820997,3157.265165272028,3833.2982741663336,0.01257700343263035,0.9633,species,39,2,3157.265165272028,3833.2982741663336
12,node_10,5673.265084865124,4971.649137054694,6499.845491432006,0.014592550471415729,0.4721,species,26,3,4971.649137054694,6499.845491432006
12,node_3,2176.39316502527,1862.004123802076,2543.8650474611945,0.028316506416068234,0.6438,species,14,4,1862.004123802076,2543.8650474611945
13,node_42,4729.155299259583,4400.593429494804,5112.836834359386,0.011180332349275663,0.5266,species,57,1,4400.593429494804,5112.836834359386
13,node_63,5031.674360187482,4435.942921297884,5952.251820514902,0.016232322015438474,0.52,species,26,2,4435.942921297884,5952.251820514902
13,node_10,10674.182880477694,8862.32733636145,15147.916754265138,0.02775584674792371,0.305,species,12,3,8862.32733636145,15147.916754265138
13,node_12,2478.5705340344084,2198.2684784618423,2932.0410895849773,0.03093572645434323,0.1793,species,13,4,2198.2684784618423,2932.0410895849773
14,node_67,671.3607764834319,633.525886611436,725.8290096089735,0.019004549769840295,0.9433,species,68,1,633.525886611436,725.8290096089735
14,node_9,1429.9321433292741,1309.4643887403004,1577.1773971311643,0.02185145545350449,0.5462,species,28,2,1309.4643887403004,1577.1773971311643
14,node_46,583.6448480573416,528.0984158274765,654.1286614079621,0.03210997232408766,0.1468,species,21,3,528.0984158274765,654.1286614079621
14,node_71,3734.907305714125,3240.4389502803688,4453.724009557928,0.03046912935385076,0.3477,species,11,4,3240.4389502803688,4453.724009557928
15,node_67,2856.7830893687865,2674.305170306884,3076.2262387253827,0.011463882563385416,0.3408,species,58,1,2674.305170306884,3076.2262387253827
15,node_18,1997.0286368563977,1839.791395989295,2229.2637976204805,0.019328829828836845,0.2906,species,27,2,1839.791395989295,2229.2637976204805
15,node_49,855.196155935455,772.2595234082376,962.3157949253756,0.01866438684853091,0.5406,species,22,3,772.2595234082376,962.3157949253756
15,node_58,1668.028503915309,1396.0189666712486,2001.027091096822,0.032431481361773845,0.3776,species,13,4,1396.0189666712486,2001.027091096822
16,node_71,1628.4684831214586,1521.403389633729,1750.054959636472,0.01281544456432785,0.4729,species,61,1,1521.403389633729,1750.054959636472
16,node_23,1240.6219041669356,1142.9407985631824,1387.6670983474569,0.01666739215201707,0.7606,species,29,2,1142.9407985631824,1387.6670983474569
16,node_39,1609.0417124151688,1452.9973940475668,1836.1151230684918,0.02015391292959446,0.3796,species,20,3,1452.9973940475668,1836.1151230684918
16,node_57,577.8369068927453,495.35578368620907,660.7034245188274,0.03441322608457446,0.5931,species,11,4,495.35578368620907,660.7034245188274
17,node_48,2386.142859759614,2215.926931760328,2600.4559548677676,0.008104491942916927,0.8771,species,59,1,2215.926931760328,2600.4559548677676
17,node_14,1678.0677665321305,1530.5601685129916,1858.283465387388,0.01793843746771801,0.0497,species,25,2,1530.5601685129916,1858.283465387388
17,node_22,603.832028827028,556.2889538767354,676.7537451012877,0.02210161159688159,0.5374,species,26,3,556.2889538767354,676.7537451012877
17,node_2,425.49834471296236,352.5675573370319,535.5445394953161,0.04507345838508631,0.7045,species,9,4,352.5675573370319,535.5445394953161
18,node_72,1965.3272956224707,1862.004123802076,2129.0306769770923,0.01434248897829136,0.6532,species,55,1,1862.004123802076,2129.0306769770923
18,node_54,3051.712164459879,2733.7978530735204,3406.596842645898,0.01606083806496305,0.2213,species,28,2,2733.7978530735204,3406.596842645898
18,node_40,8862.32733636145,7476.706649043193,10824.687565587656,0.019993875209968672,0.4136,species,18,3,7476.706649043193,10824.687565587656
18,node_75,7954.983662838037,6295.12299450924,10846.360774022978,0.028060357262580517,0.3662,species,11,4,6295.12299450924,10846.360774022978
19,node_62,2045.5420070682173,1903.4263301671106,2224.8092805755628,0.012660261023103896,0.2619,species,49,1,1903.4263301671106,2224.8092805755628
19,node_27,1325.2742115881656,1199.1457030868103,1473.4844812284207,0.016136573823873613,0.8264,species,31,2,1199.1457030868103,1473.4844812284207
19,node_65,2868.2342539020397,2548.9583785223426,3299.3009057570916,0.021877530051334106,0.3838,species,19,3,2548.9583785223426,3299.3009057570916
19,node_16,911.7239568910576,800.570232285327,1040.3895265081726,0.025720313100008527,0.7682,species,15,4,800.570232285327,1040.3895265081726
20,node_45,3879.5796142002528,3581.274705799027,4261.990061766193,0.00944238824359242,0.595,species,59,1,3581.274705799027,4261.990061766193
20,node_40,8213.686172678843,6971.186269462559,9814.09492659831,0.014044536013539161,0.2427,species,26,2,6971.186269462559,9814.09492659831
20,node_15,344.2058417747672,308.34795044498173,385.0029731746248,0.018151750632519215,0.8209,species,25,3,308.34795044498173,385.0029731746248
20,node_6,1003.598044866814,895.4581307386311,1145.2291966353105,0.05971825476714767,0.8753,species,7,4,895.4581307386311,1145.2291966353105
21,node_74,1023.8741181723387,964.2425452983223,1104.7302509139217,0.013915719113605984,0.6832,species,63,1,964.2425452983223,1104.7302509139217
21,node_15,3538.5519860983513,3163.5866471252393,3981.781774571026,0.016504847948027285,0.3188,species,23,2,3163.5866471252393,3981.781774571026
21,node_33,1482.3528534619568,1330.5864570663211,1718.8326916292704,0.0248410230601531,0.1844,species,17,3,1330.5864570663211,1718.8326916292704
21,node_3,10012.372821993684,5776.318863058996,35657.112036972154,0.08426230361170987,0.8198,species,4,4,5776.318863058996,35657.112036972154
22,node_59,987.6666738815171,937.6156082329761,1061.4089121214452,0.023667709098068753,0.4529,species,64,1,937.6156082329761,1061.4089121214452
22,node_51,2755.758156006931,2488.5056667009835,3076.2262387253827,0.014215640240758715,0.308,species,33,2,2488.5056667009835,3076.2262387253827
22,node_21,5226.57717454249,4589.373868104502,6145.82386923765,0.015587063064969759,0.8618,species,24,3,4589.373868104502,6145.82386923765
22,node_4,3420.251887401931,2783.4567696521144,4507.496061864087,0.033763082927503775,0.441,species,9,4,2783.4567696521144,4507.496061864087
23,node_67,503.34602671891486,469.31343905280454,546.3643496740237,0.009807816620300886,0.5957,species,63,1,469.31343905280454,546.3643496740237
23,node_52,4616.995655981954,4062.2272273703343,5364.26412305302,0.01663617205952772,0.4439,species,27,2,4062.2272273703343,5364.26412305302
23,node_60,789.4392347402736,715.7372017971568,872.4740093918683,0.025051841293394533,0.5179,species,23,3,715.7372017971568,872.4740093918683
23,node_7,519.7152470655122,462.78818177082354,625.9682566890529,0.04216849966975281,0.5445,species,9,4,462.78818177082354,625.9682566890529
24,node_68,6000.065616610868,5418.181292493759,6684.4317710493215,0.008896370526975141,0.2996,species,45,1,5418.181292493759,6684.4317710493215
24,node_72,1082.8529603829847,1003.598044866814,1196.7495690001087,0.023283898381543232,0.4833,species,33,2,1003.598044866814,1196.7495690001087
24,node_9,784.716309983809,707.1988342147387,886.5472868307305,0.01855191286642627,0.4201,species,24,3,707.1988342147387,886.5472868307305
24,node_75,8826.945300065734,6738.127089620495,11586.448840790326,0.04568395094361601,0.7874,species,6,4,6738.127089620495,11586.448840790326
25,node_62,1671.3682335123378,1574.0258797531526,1817.8436543119299,0.015269444888699428,0.5947,species,57,1,1574.0258797531526,1817.8436543119299
25,node_34,29486.414185793226,18135.675425196583,57974.15037162839,0.03134998782646614,0.9046,species,11,2,18135.675425196583,57974.15037162839
25,node_55,2845.3776425690094,2548.9583785223426,3273.009176491599,0.020389358351306154,0.5018,species,22,3,2548.9583785223426,3273.009176491599
25,node_74,13844.028904333636,10567.962417200548,21368.062868245946,0.032453740145269055,0.2196,species,9,4,10567.962417200548,21368.062868245946
26,node_37,1003.598044866814,941.3739581891814,1078.5297683711078,0.01855020861235017,0.7206,species,52,1,941.3739581891814,1078.5297683711078
26,node_24,5822.719408706557,5133.331192520426,6684.4317710493215,0.012173322488599243,0.7274,species,30,2,5133.331192520426,6684.4317710493215
26,node_67,1832.4461960797473,1631.7290055754472,2061.9736251147856,0.03130285513697076,0.5038,species,19,3,1631.7290055754472,2061.9736251147856
26,node_3,15361.500544865372,11021.31595060321,63181.1393629165,0.04800217020370499,0.8723,species,7,4,11021.31595060321,63181.1393629165
27,node_53,1343.9604173739258,1255.600557038076,1447.1964340307954,0.014196337924493197,0.5718,species,55,1,1255.600557038076,1447.1964340307954
27,node_23,3574.1185992689125,3169.9207858605055,4136.016810159157,0.01767215784470277,0.5545,species,25,2,3169.9207858605055,4136.016810159157
27,node_72,1384.8942606290798,1230.7355384922325,1555.248580610641,0.02284191887473008,0.0844,species,20,3,1230.7355384922325,1555.248580610641
27,node_49,1371.1129612452237,1216.053512187041,1612.2633385547701,0.028654999036545885,0.2958,species,13,4,1216.053512187041,1612.2633385547701
28,node_67,4882.9512587737045,4462.641263583766,5450.791373660372,0.010823789928603415,0.5541,species,43,1,4462.641263583766,5450.791373660372
28,node_37,4682.0947352406065,4365.525633509938,5342.847786158859,0.01142902952472658,0.2569,species,36,2,4365.525633509938,5342.847786158859
28,node_15,546.3643496740237,508.40524684443017,618.5007853083333,0.04818067697253285,0.6765,species,24,3,508.40524684443017,618.5007853083333
28,node_4,5072.093256956965,3981.781774571026,6617.913945055922,0.03897955198785752,0.3098,species,9,4,3981.781774571026,6617.913945055922
29,node_57,1602.6177596419034,1515.3293248977543,1729.1777263484853,0.018242214172817933,0.0277,species,52,1,1515.3293248977543,1729.1777263484853
29,node_18,1681.427596758387,1536.6952847501711,1821.4833440659354,0.019843936088630283,0.5824,species,36,2,1536.6952847501711,1821.4833440659354
29,node_16,1718.8326916292704,1552.1408814146978,1934.1291895537704,0.026557952666359033,0.3013,species,24,3,1552.1408814146978,1934.1291895537704
29,node_66,4383.024460246025,3461.5463104498976,6617.913945055922,0.0630962037295912,0.2284,species,5,4,3461.5463104498976,6617.913945055922
30,node_28,2584.8983827749876,2395.707504197846,2817.062844633058,0.008599821558331043,0.4464,species,51,1,2395.707504197846,2817.062844633058
30,node_50,1817.8436543119299,1668.028503915309,2025.1864986347748,0.020102092047856703,0.2012,species,29,2,1668.028503915309,2025.1864986347748
30,node_52,778.463000764177,697.3660573139078,884.7757871972971,0.022272538969527304,0.8485,species,18,3,697.3660573139078,884.7757871972971
30,node_4,9023.309822097826,6888.023691487396,12476.459297987449,0.04108328632125054,0.3222,species,7,4,6888.023691487396,12476.459297987449
31,node_51,1078.5297683711078,1017.7486556827395,1152.12191857291,0.01019185111919913,0.6416,species,59,1,1017.7486556827395,1152.12191857291
31,node_20,13354.460024314503,11154.381847032033,17182.22837736375,0.014198902741408469,0.132,species,25,2,11154.381847032033,17182.22837736375
31,node_35,1778.2838910603293,1593.0298866821129,1993.0381723310418,0.019017847780667386,0.436,species,21,3,1593.0298866821129,1993.0381723310418
31,node_6,8413.219414588755,6711.225729717883,11632.892105077977,0.024511787059781985,0.3055,species,13,4,6711.225729717883,11632.892105077977
32,node_66,510.4431446998352,476.88361095761525,557.4027565961761,0.012114827730017812,0.475,species,54,1,476.88361095761525,557.4027565961761
32,node_30,6435.164512376245,5583.20622990101,7431.976261477361,0.016890706555961144,0.1693,species,21,2,5583.20622990101,7431.976261477361
32,node_68,6578.321398559876,5461.7049577119205,7954.983662838037,0.02587982473992267,0.3913,species,13,3,5461.7049577119205,7954.983662838037
32,node_58,568.664176654986,528.0984158274765,711.4552092121255,0.05316956180457212,0.4226,species,7,4,528.0984158274765,711.4552092121255
33,node_71,1258.1145226762808,1187.2128166499845,1352.0492309313433,0.01458726302281858,0.6764,species,69,1,1187.2128166499845,1352.0492309313433
33,node_11,6145.82386923765,5418.181292493759,7313.999177343814,0.01495486491640097,0.7281,species,27,2,5418.181292493759,7313.999177343814
33,node_38,1418.5371872903045,1280.9679330181082,1615.4914150398833,0.02039613251741681,0.1956,species,21,3,1280.9679330181082,1615.4914150398833
33,node_56,516.6059817811662,449.10937651363366,606.2524365710665,0.03789719292826203,0.221,species,10,4,449.10937651363366,606.2524365710665
34,node_61,1926.4073545788144,1792.5686535219659,2082.698887476473,0.012867346402600045,0.5889,species,64,1,1792.5686535219659,2082.698887476473
34,node_50,1869.4678040732863,1718.8326916292704,2070.23886559884,0.0136254552005966,0.3489,species,32,2,1718.8326916292704,2070.23886559884
34,node_23,1803.3574784306215,1625.2144758465404,2057.8533874520026,0.01766554521671574,0.5916,species,23,3,1625.2144758465404,2057.8533874520026
34,node_64,737.5368575396196,642.4585248415576,870.730630994826,0.03569355130864319,0.8394,species,10,4,642.4585248415576,870.730630994826
35,node_67,3305.9067718190963,3070.079320523488,3631.770245169481,0.009852103031269394,0.4174,species,49,1,3070.079320523488,3631.770245169481
35,node_39,2822.7031728030142,2559.175654691988,3157.265165272028,0.015908785314523877,0.8359,species,32,2,2559.175654691988,3157.265165272028
35,node_20,2185.1170462028385,1953.5694648350197,2483.5331323062114,0.021339306124524275,0.9559,species,20,3,1953.5694648350197,2483.5331323062114
35,node_3,660.7034245188274,549.6527198535334,781.5834014477209,0.08189913783515228,0.7876,species,7,4,549.6527198535334,781.5834014477209
36,node_55,714.3070150384217,666.0107837792287,772.2595234082376,0.010026368523893622,0.1772,species,56,1,666.0107837792287,772.2595234082376
36,node_52,264.33399947065203,244.49763895658185,295.0734930009568,0.035587333870334685,0.6256,species,31,2,244.49763895658185,295.0734930009568
36,node_17,4644.783689449204,3879.5796142002528,5616.809536711584,0.02081855872544092,0.7726,species,17,3,3879.5796142002528,5616.809536711584
36,node_64,1396.0189666712486,1184.8405268683293,1618.7259547853914,0.03776959609862116,0.1083,species,9,4,1184.8405268683293,1618.7259547853914
37,node_64,9467.037325460831,8413.219414588755,11021.31595060321,0.01083385191048357,0.7905,species,38,1,8413.219414588755,11021.31595060321
37,node_32,6060.373339550179,5472.640392960608,7521.706252696542,0.016341148238954193,0.9481,species,23,2,5472.640392960608,7521.706252696542
37,node_38,2066.102112324647,1839.791395989295,2306.3698517828225,0.020938071541293762,0.4468,species,20,3,1839.791395989295,2306.3698517828225
37,node_60,3208.192835484111,2473.617852031205,3895.1305689252918,0.04637327101035198,0.372,species,7,4,2473.617852031205,3895.1305689252918
38,node_62,240.13562119902727,224.34769346208665,258.5815848371913,0.008506497776475016,0.2399,species,62,1,224.34769346208665,258.5815848371913
38,node_39,7627.761399374068,6778.681448997108,8969.32667625373,0.012800533793066778,0.7039,species,29,2,6778.681448997108,8969.32667625373
38,node_10,3631.770245169481,3138.3764083473825,4244.974453863874,0.01943755808952023,0.6487,species,20,3,3138.3764083473825,4244.974453863874
38,node_65,947.0397488904282,821.660148050585,1109.1584652628346,0.03850089161086894,0.4905,species,10,4,821.660148050585,1109.1584652628346
39,node_56,733.1244456274792,695.9725797935872,778.463000764177,0.024933007690862943,0.3093,species,62,1,695.9725797935872,778.463000764177
39,node_26,3545.636881093175,3201.7822215028104,3989.754105025963,0.01497941536305481,0.1685,species,31,2,3201.7822215028104,3989.754105025963
39,node_53,1746.5579981483102,1552.1408814146978,1949.6658404686175,0.0296586817428367,0.2029,species,19,3,1552.1408814146978,1949.6658404686175
39,node_65,5799.47273075851,4589.373868104502,9335.409187192676,0.05206240816047088,0.3431,species,7,4,4589.373868104502,9335.409187192676
40,node_63,585.9843372572614,555.177376758951,628.4773955615889,0.024808835806436356,0.7877,species,65,1,555.177376758951,628.4773955615889
40,node_35,3581.274705799027,3259.9419848743705,3973.825374434415,0.01532846812692338,0.3673,species,28,2,3259.9419848743705,3973.825374434415
40,node_38,282.37050431545254,255.49684281757797,322.21958528586845,0.022404550393432837,0.8505,species,24,3,255.49684281757797,322.21958528586845
40,node_48,7813.060901757654,6358.396391448564,9833.744724678807,0.025037753493635722,0.4562,species,13,4,6358.396391448564,9833.744724678807
41,node_69,450.90959207183363,424.6481135150536,480.7143655062128,0.02351841089941101,0.6349,species,60,1,424.6481135150536,480.7143655062128
41,node_70,1778.2838910603293,1625.2144758465404,1945.7700163281406,0.022924226883440372,0.598,species,29,2,1625.2144758465404,1945.7700163281406
41,node_53,470.2530992438686,417.9071412012694,532.3405733729533,0.020010187544055126,0.6383,species,19,3,417.9071412012694,532.3405733729533
41,node_66,9992.366089078885,7112.027799145732,37485.478710379895,0.06372355100193443,0.9117,species,5,4,7112.027799145732,37485.478710379895
42,node_40,2794.614012061975,2595.2597213004997,3045.6142303045435,0.009508100354045788,0.5898,species,56,1,2595.2597213004997,3045.6142303045435
42,node_70,9774.91304471522,8362.88621539348,11679.521533118395,0.012058131545059575,0.2096,species,28,2,8362.88621539348,11679.521533118395
42,node_45,741.9758261693795,690.4264586100941,821.660148050585,0.030420100764529858,0.4273,species,27,3,690.4264586100941,821.660148050585
42,node_3,3697.7406589785046,2862.5029454824376,4691.469233534075,0.04721122089964396,0.1754,species,7,4,2862.5029454824376,4691.469233534075
43,node_54,2559.175654691988,2376.616401294871,2800.2093931399713,0.012319854423325413,0.4057,species,51,1,2376.616401294871,2800.2093931399713
43,node_62,2395.707504197846,2207.0800449153153,2679.659668810841,0.021031386331044614,0.5892,species,33,2,2207.0800449153153,2679.659668810841
43,node_23,9467.037325460831,7446.856577387231,11065.493929250926,0.022047641318803327,0.6744,species,14,3,7446.856577387231,11065.493929250926
43,node_22,8329.498152373515,6525.899552183112,11494.1178334733,0.031077718432321346,0.2209,species,11,4,6525.899552183112,11494.1178334733
44,node_48,7597.308255358441,6657.74478482514,8791.704523333636,0.010703876601995817,0.6943,species,40,1,6657.74478482514,8791.704523333636
44,node_53,275.1227752333795,256.00839904452675,306.5032180011463,0.01680722582132451,0.7063,species,44,2,256.00839904452675,306.5032180011463
44,node_32,545.2726039098155,500.33469246284415,595.4364470786151,0.020725183721646407,0.6581,species,28,3,500.33469246284415,595.4364470786151
44,node_65,5741.761270581911,4824.700223855085,7299.384337217346,0.03436763151827042,0.4827,species,9,4,4824.700223855085,7299.384337217346
45,node_49,4471.576371751247,4037.924415077449,4912.339983197118,0.010648535699461443,0.7798,species,47,1,4037.924415077449,4912.339983197118
45,node_38,737.5368575396196,689.0468478025173,808.6169055797751,0.016009955098006533,0.4492,species,34,2,689.0468478025173,808.6169055797751
45,node_54,1458.8216067039468,1317.3455831294177,1628.4684831214586,0.018791445201191203,0.4488,species,22,3,1317.3455831294177,1628.4684831214586
45,node_6,551.8559545879502,478.79515709936027,645.0337635081303,0.028703200578258262,0.7581,species,13,4,478.79515709936027,645.0337635081303
46,node_69,1564.6090615008295,1476.4346944419108,1678.0677665321305,0.017167351829494568,0.2587,species,68,1,1476.4346944419108,1678.0677665321305
46,node_49,5001.571702051905,4498.489178937583,5753.257435071578,0.013181533935928599,0.8624,species,36,2,4498.489178937583,5753.257435071578
46,node_14,3125.846725818701,2834.0177309788187,3574.1185992689125,0.0166680093104422,0.1928,species,26,3,2834.0177309788187,3574.1185992689125
46,node_3,12576.681348206765,9853.433865619516,16376.883786654722,0.021455369903361155,0.6361,species,16,4,9853.433865619516,16376.883786654722
47,node_60,2750.251597433336,2569.4338859173286,2991.2782317568985,0.008649251602291465,0.585,species,67,1,2569.4338859173286,2991.2782317568985
47,node_32,33179.80548645265,23710.25888934153,84947.67101339958,0.025488349736306766,0.4054,species,13,2,23710.25888934153,84947.67101339958
47,node_14,4635.502478254426,4228.026779229384,5396.549696201747,0.015945165505070906,0.682,species,23,3,4228.026779229384,5396.549696201747
47,node_57,12107.6878734809,9077.617873048004,18208.370690016804,0.044170830839709276,0.7302,species,7,4,9077.617873048004,18208.370690016804
48,node_48,12728.52595416847,11087.649280610072,15453.955882287006,0.008477295625004736,0.2323,species,44,1,11087.649280610072,15453.955882287006
48,node_44,188.51539028863215,171.60069698137707,211.7044611308278,0.015896487381359792,0.7188,species,32,2,171.60069698137707,211.7044611308278
48,node_69,950.835874688161,868.9907362181582,1082.8529603829847,0.032401315532637066,0.3148,species,19,3,868.9907362181582,1082.8529603829847
48,node_56,3246.9269628318407,2663.6282500115262,3742.3853436743784,0.031150717974039805,0.5567,species,11,4,2663.6282500115262,3742.3853436743784
49,node_72,7536.766226152257,6631.164343967609,8634.854046520797,0.010395968594574595,0.3497,species,40,1,6631.164343967609,8634.854046520797
49,node_64,2444.1088947965645,2224.8092805755628,2728.3351755981757,0.014055343573051318,0.6075,species,34,2,2224.8092805755628,2728.3351755981757
49,node_12,7461.766686691707,6133.54327812513,9224.042675891616,0.019908593793051568,0.1314,species,18,3,6133.54327812513,9224.042675891616
49,node_51,891.8830955497258,786.287470356414,1023.8741181723387,0.030854432268527663,0.9902,species,13,4,786.287470356414,1023.8741181723387
50,node_58,10716.96940665016,8933.517454819828,13248.039950039542,0.013034749619078353,0.8646,species,27,1,8933.517454819828,13248.039950039542
50,node_72,2233.727233507236,2082.698887476473,2473.617852031205,0.02679863921502001,0.6197,species,30,2,2082.698887476473,2473.617852031205
50,node_56,3319.1582092546478,2902.8638901336767,3742.3853436743784,0.026921581222809333,0.4315,species,19,3,2902.8638901336767,3742.3853436743784
50,node_73,2523.593295042651,2091.0472033575297,3033.4548923395314,0.059728222924052506,0.2002,species,6,4,2091.0472033575297,3033.4548923395314
51,node_70,2647.692741298006,2468.6750664818946,2920.335182060369,0.011431792877517387,0.5282,species,52,1,2468.6750664818946,2920.335182060369
51,node_49,1641.549794589551,1488.2947349035294,1796.1577376250393,0.012909958551522183,0.3971,species,35,2,1488.2947349035294,1796.1577376250393
51,node_15,1858.283465387388,1668.028503915309,2074.383901487699,0.02455434697144968,0.2852,species,24,3,1668.028503915309,2074.383901487699
51,node_68,2997.2673742806037,2518.550648515488,3848.6637141977694,0.048747488043144854,0.7946,species,7,4,2518.550648515488,3848.6637141977694
52,node_74,2483.5331323062114,2320.2510609943065,2668.961371166938,0.011629099338619685,0.4858,species,61,1,2320.2510609943065,2668.961371166938
52,node_42,2902.8638901336767,2637.1220687063783,3266.469046435929,0.0160195551737725,0.5197,species,34,2,2637.1220687063783,3266.469046435929
52,node_47,947.0397488904282,872.4740093918683,1038.3106191648053,0.021004340258081625,0.5772,species,30,3,872.4740093918683,1038.3106191648053
52,node_2,3182.627135394481,2663.6282500115262,3787.569046126079,0.0282433129276532,0.5966,species,12,4,2663.6282500115262,3787.569046126079
53,node_45,2523.593295042651,2357.677433078382,2712.012549134081,0.01727475359001727,0.5294,species,59,1,2357.677433078382,2712.012549134081
53,node_27,1671.3682335123378,1521.403389633729,1825.1303212131443,0.012999680547283768,0.528,species,32,2,1521.403389633729,1825.1303212131443
53,node_14,8951.404159141392,7083.633674648308,11494.1178334733,0.026206252043139724,0.2899,species,12,3,7083.633674648308,11494.1178334733
53,node_64,2301.761261346997,2017.1011256305194,2873.97703755741,0.03529682407427436,0.5614,species,12,4,2017.1011256305194,2873.97703755741
54,node_71,14818.269042740405,11243.983791857747,19963.200770911903,0.020197109149022428,0.705,species,15,1,11243.983791857747,19963.200770911903
54,node_40,3690.3518300697515,3240.4389502803688,4296.226167683949,0.025835482394708703,0.1206,species,17,2,3240.4389502803688,4296.226167683949
54,node_57,7226.747022059933,6182.8133689225815,9132.252784591044,0.027414321364643456,0.7008,species,12,3,6182.8133689225815,9132.252784591044
54,node_2,652.8215808933464,583.6448480573416,763.0468743195427,0.03655232559609626,0.8096,species,10,4,583.6448480573416,763.0468743195427
55,node_57,2297.1618798009767,2167.704113150287,2483.5331323062114,0.013095718491207812,0.7466,species,60,1,2167.704113150287,2483.5331323062114
55,node_30,183.30965916056644,164.54203151351993,197.78576503221225,0.012833174962245567,0.6841,species,34,2,164.54203151351993,197.78576503221225
55,node_25,775.3550579967167,697.3660573139078,867.2543181008904,0.022216679889441024,0.8131,species,23,3,697.3660573139078,867.2543181008904
55,node_4,798.9705320842234,684.9245337944961,926.430348204569,0.039877955444545525,0.443,species,9,4,684.9245337944961,926.430348204569
56,node_48,7643.033716630511,6860.523883027593,8897.851198447413,0.011549726168055515,0.8783,species,37,1,6860.523883027593,8897.851198447413
56,node_11,2224.8092805755628,2041.4546030802721,2444.1088947965645,0.015446023485921504,0.7358,species,34,2,2041.4546030802721,2444.1088947965645
56,node_40,1194.358222870819,1100.3197158082664,1346.6512972795192,0.015970042798446896,0.1869,species,24,3,1100.3197158082664,1346.6512972795192
56,node_1,5195.308484511723,4489.500293573133,6901.814904607274,0.027825886388930573,0.3062,species,12,4,4489.500293573133,6901.814904607274
57,node_53,3195.384417216477,2991.2782317568985,3496.3389259263563,0.008539301379414463,0.9479,species,61,1,2991.2782317568985,3496.3389259263563
57,node_51,2297.1618798009767,2103.632463123415,2528.6460379655337,0.013828308612330318,0.5929,species,32,2,2103.632463123415,2528.6460379655337
57,node_18,5661.928761165873,4863.456519738353,6999.129658395597,0.01809908583759578,0.4782,species,18,3,4863.456519738353,6999.129658395597
57,node_68,321.57572580347215,265.924930580649,388.09566048201725,0.04729395421417532,0.3375,species,7,4,265.924930580649,388.09566048201725
58,node_63,4951.8002798030475,4543.704290968668,5505.578243832697,0.01587989927490411,0.4099,species,43,1,4543.704290968668,5505.578243832697
58,node_44,10933.488418832145,9077.617873048004,13955.236493518141,0.014589048521512046,0.7276,species,25,2,9077.617873048004,13955.236493518141
58,node_54,1718.8326916292704,1574.0258797531526,1938.0017064104559,0.03533408783731711,0.4282,species,21,3,1574.0258797531526,1938.0017064104559
58,node_65,2120.5307155303403,1839.791395989295,2483.5331323062114,0.03311896029376305,0.7216,species,9,4,1839.791395989295,2483.5331323062114
59,node_56,3973.825374434415,3653.6285618407082,4365.525633509938,0.010851893757074004,0.6329,species,50,1,3653.6285618407082,4365.525633509938
59,node_66,851.7818630210965,791.0198513611123,924.5791541998896,0.0236853874236802,0.3428,species,37,2,791.0198513611123,924.5791541998896
59,node_45,4236.492141864677,3742.3853436743784,4882.9512587737045,0.014032621585024399,0.3773,species,27,3,3742.3853436743784,4882.9512587737045
59,node_5,2274.3024626608276,2013.0705522389674,2733.7978530735204,0.027236282419730726,0.1101,species,13,4,2013.0705522389674,2733.7978530735204
60,node_55,2523.593295042651,2343.572315640043,2728.3351755981757,0.008182319583220122,0.1578,species,55,1,2343.572315640043,2728.3351755981757
60,node_53,4844.039611676518,4453.724009557928,5696.005870530405,0.015425972407264012,0.6567,species,28,2,4453.724009557928,5696.005870530405
60,node_66,1684.7941540426173,1494.2604338558876,1892.0388301021935,0.01745639314265212,0.6199,species,23,3,1494.2604338558876,1892.0388301021935
60,node_5,654.1286614079621,551.8559545879502,787.8617765090737,0.03703901902022519,0.3952,species,9,4,551.8559545879502,787.8617765090737
61,node_54,718.6061716152882,674.0518672915833,775.3550579967167,0.010579543320906378,0.6366,species,59,1,674.0518672915833,775.3550579967167
61,node_68,1674.7146499218313,1577.1773971311643,1876.961401852456,0.01658621564850916,0.1399,species,30,2,1577.1773971311643,1876.961401852456
61,node_38,278.4444710162149,252.95435377520198,313.9490321530206,0.01682478858260049,0.5288,species,25,3,252.95435377520198,313.9490321530206
61,node_3,4169.240986550493,3697.7406589785046,5061.958195377155,0.02900549082767917,0.4917,species,12,4,3697.7406589785046,5061.958195377155
62,node_43,3138.3764083473825,2914.4997655164707,3447.726401463561,0.009683752269616434,0.3964,species,54,1,2914.4997655164707,3447.726401463561
62,node_42,844.9941165331267,778.463000764177,928.2852486731317,0.014344451529319693,0.372,species,33,2,778.463000764177,928.2852486731317
62,node_8,3566.9767920776867,3039.52848104706,4516.520978387389,0.026683030668005793,0.6886,species,12,3,3039.52848104706,4516.520978387389
62,node_60,6901.814904607274,5494.576992139015,8951.404159141392,0.027223338293320045,0.6804,species,14,4,5494.576992139015,8951.404159141392
63,node_59,1930.2644107639635,1796.1577376250393,2112.064689407019,0.009989860290266597,0.7767,species,55,1,1796.1577376250393,2112.064689407019
63,node_46,353.98079347777275,326.1099045685352,390.4314684414629,0.020156819448342488,0.7158,species,32,2,326.1099045685352,390.4314684414629
63,node_61,614.800522460634,568.664176654986,712.8796860802311,0.018978430026732634,0.9,species,21,3,568.664176654986,712.8796860802311
63,node_3,2348.264620242124,1977.1558925573843,2897.0633847419617,0.0370239579741931,0.5743,species,9,4,1977.1558925573843,2897.0633847419617
64,node_72,2879.7313194242906,2695.7875749441905,3125.846725818701,0.010433973287203996,0.5038,species,64,1,2695.7875749441905,3125.846725818701
64,node_34,1836.1151230684918,1664.6954477691381,2001.027091096822,0.022586759421500277,0.4723,species,34,2,1664.6954477691381,2001.027091096822
64,node_7,1368.373202019384,1228.2762815663157,1506.2636665572347,0.02207824399052524,0.7322,species,22,3,1228.2762815663157,1506.2636665572347
64,node_62,29076.43990661284,11796.914474077754,398692.3421816235,0.05229684402981742,0.8771,species,6,4,11796.914474077754,398692.3421816235
65,node_74,1203.952373497489,1127.0495366727275,1293.8431687463199,0.02564153000156807,0.3488,species,58,1,1127.0495366727275,1293.8431687463199
65,node_70,4932.030667309681,4409.404305380023,5605.586022542462,0.01872962906127889,0.5784,species,24,2,4409.404305380023,5605.586022542462
65,node_32,4748.111703628064,4177.588648168539,5538.714335762529,0.019240550495324905,0.5889,species,18,3,4177.588648168539,5538.714335762529
65,node_67,1131.5672159216695,985.6931173925111,1270.7600547267034,0.04154507465823586,0.8535,species,13,4,985.6931173925111,1270.7600547267034
66,node_68,17079.433420888876,14495.79509744874,20819.599313055554,0.00985469711374029,0.3854,species,36,1,14495.79509744874,20819.599313055554
66,node_28,582.4786083657357,533.406426602932,643.7448564271654,0.016680006230136855,0.3737,species,35,2,533.406426602932,643.7448564271654
66,node_41,3286.1287468007104,2885.4971225244253,3910.743858288866,0.02093684372941755,0.2206,species,19,3,2885.4971225244253,3910.743858288866
66,node_4,1208.77831102506,1032.0987883963885,1382.126963597673,0.034180495608874664,0.3151,species,10,4,1032.0987883963885,1382.126963597673
67,node_62,1497.2522447181743,1410.0506007298793,1612.2633385547701,0.01877790172229501,0.7035,species,64,1,1410.0506007298793,1612.2633385547701
67,node_39,2897.0633847419617,2605.662592343007,3221.0525951733366,0.013726474884843546,0.5607,species,33,2,2605.662592343007,3221.0525951733366
67,node_41,8002.861843526373,6888.023691487396,10462.798970366255,0.0220806815270848,0.3224,species,15,3,6888.023691487396,10462.798970366255
67,node_68,71.74247994283533,58.268534921391726,84.52940327838729,0.05858655733093021,0.8044,species,9,4,58.268534921391726,84.52940327838729
68,node_68,2739.271467931291,2543.8650474611945,3021.3440994260422,0.010460158063710447,0.5824,species,44,1,2543.8650474611945,3021.3440994260422
68,node_37,3697.7406589785046,3312.525864157728,4322.083605166222,0.01586685341811366,0.188,species,26,2,3312.525864157728,4322.083605166222
68,node_22,2242.680933271311,2033.3042811478053,2493.4881571128453,0.019295392075440423,0.6901,species,23,3,2033.3042811478053,2493.4881571128453
68,node_62,1223.3725001637433,1046.6512562423432,1441.4186338195739,0.03582691602506611,0.288,species,11,4,1046.6512562423432,1441.4186338195739
69,node_71,8018.88518755022,7055.352911111879,9372.829356398232,0.0116529824694709,0.3133,species,37,1,7055.352911111879,9372.829356398232
69,node_37,1354.756306273633,1258.1145226762808,1473.4844812284207,0.018504116588514655,0.4344,species,36,2,1258.1145226762808,1473.4844812284207
69,node_46,2376.616401294871,2150.4299416519593,2712.012549134081,0.023132397797186587,0.4234,species,19,3,2150.4299416519593,2712.012549134081
69,node_3,269.6744398768717,232.5721854163199,343.5180493337017,0.03836104035582784,0.3232,species,8,4,232.5721854163199,343.5180493337017
70,node_53,8246.610013532507,7358.019503344388,9639.004252811686,0.00996046637465169,0.5307,species,37,1,7358.019503344388,9639.004252811686
70,node_14,9224.042675891616,7875.822376256172,12451.528825128047,0.018262664009508316,0.5904,species,19,2,7875.822376256172,12451.528825128047
70,node_10,12933.84104116531,9992.366089078885,18208.370690016804,0.02736582487174607,0.4618,species,12,3,9992.366089078885,18208.370690016804
70,node_46,16181.516194647667,13116.206632514044,23805.299383202713,0.02658174045791369,0.5106,species,11,4,13116.206632514044,23805.299383202713
71,node_49,6929.480224506714,6220.025495079724,8115.701225727837,0.010043077457935184,0.9242,species,37,1,6220.025495079724,8115.701225727837
71,node_23,2822.7031728030142,2631.8525688754858,3163.5866471252393,0.026455556760611024,0.1378,species,28,2,2631.8525688754858,3163.5866471252393
71,node_12,4078.510309038375,3524.42463895188,4571.051210114919,0.02473911795652892,0.4125,species,16,3,3524.42463895188,4571.051210114919
71,node_6,693.1939725333868,588.3332040945139,841.6205543337045,0.03180810675591803,0.607,species,10,4,588.3332040945139,841.6205543337045
72,node_71,5353.545245370145,4824.700223855085,6072.5074296833245,0.010712677664436024,0.1908,species,44,1,4824.700223855085,6072.5074296833245
72,node_40,1674.7146499218313,1539.7720587453712,1821.4833440659354,0.017701763268809432,0.6903,species,30,2,1539.7720587453712,1821.4833440659354
72,node_25,4219.578332089777,3660.9438633573805,5021.620063685727,0.021233775926138235,0.4823,species,21,3,3660.9438633573805,5021.620063685727
72,node_62,1821.4833440659354,1476.4346944419108,2287.990669810254,0.05389554489337149,0.9391,species,6,4,1476.4346944419108,2287.990669810254
73,node_73,3856.3695154386796,3574.1185992689125,4219.578332089777,0.009581104501911564,0.4337,species,52,1,3574.1185992689125,4219.578332089777
73,node_14,4971.649137054694,4391.800159510182,5799.47273075851,0.01534999772994131,0.3931,species,25,2,4391.800159510182,5799.47273075851
73,node_13,1129.3061172324212,1032.0987883963885,1278.4083016735763,0.019350325946152325,0.7041,species,21,3,1032.0987883963885,1278.4083016735763
73,node_5,320.2918639497665,276.7786400977708,368.42849756726486,0.028529627113504395,0.3803,species,16,4,276.7786400977708,368.42849756726486
74,node_65,4719.705496633675,4330.737288543428,5375.004462091583,0.011551023497606564,0.6586,species,41,1,4330.737288543428,5375.004462091583
74,node_23,651.5171121882616,609.9012515694544,720.0449661528642,0.02481916576730735,0.4974,species,33,2,609.9012515694544,720.0449661528642
74,node_19,8497.7821740489,6552.058048352322,11773.341868333087,0.02554834468393017,0.6827,species,13,3,6552.058048352322,11773.341868333087
74,node_67,13761.205168238203,9853.433865619516,75946.12677110717,0.05747389760292618,0.3754,species,6,4,9853.433865619516,75946.12677110717
75,node_74,4598.5627205151095,4211.146766645301,5123.073765239426,0.010043491226969589,0.832,species,48,1,4211.146766645301,5123.073765239426
75,node_25,5112.836834359386,4571.051210114919,5976.110900048699,0.014967898952770809,0.2114,species,30,2,4571.051210114919,5976.110900048699
75,node_53,4607.769970862132,4111.2725419162825,5353.545245370145,0.019399326541378263,0.0706,species,20,3,4111.2725419162825,5353.545245370145
75,node_70,4626.239812784703,4029.855830663063,5988.076279777641,0.04303489132379844,0.074,species,7,4,4029.855830663063,5988.076279777641
76,node_48,2783.4567696521144,2616.107162381981,2979.335825326882,0.017777474216734746,0.5106,species,57,1,2616.107162381981,2979.335825326882
76,node_29,8413.219414588755,7241.216427626567,10153.546065477614,0.013703099942318197,0.714,species,29,2,7241.216427626567,10153.546065477614
76,node_52,179.6795253181513,158.72330210744866,203.80984981868946,0.026469298666413246,0.1931,species,23,3,158.72330210744866,203.80984981868946
76,node_59,2647.692741298006,2320.2510609943065,3033.4548923395314,0.03624404711036396,0.374,species,14,4,2320.2510609943065,3033.4548923395314
77,node_71,2061.9736251147856,1926.4073545788144,2242.680933271311,0.013793764300709142,0.7258,species,49,1,1926.4073545788144,2242.680933271311
77,node_26,1140.6569731702596,1072.0773212168947,1255.600557038076,0.036212340167010464,0.7,species,29,2,1072.0773212168947,1255.600557038076
77,node_10,2600.4559548677676,2287.990669810254,2967.4410978689702,0.024729807537720774,0.4053,species,17,3,2287.990669810254,2967.4410978689702
77,node_72,12451.528825128047,9716.433333067263,22508.71614663611,0.03474500182252994,0.1121,species,9,4,9716.433333067263,22508.71614663611
78,node_62,609.9012515694544,577.8369068927453,652.8215808933464,0.016003104131108826,0.7245,species,63,1,577.8369068927453,652.8215808933464
78,node_57,1074.223836310353,983.7235044659649,1187.2128166499845,0.01351711916325949,0.3968,species,29,2,983.7235044659649,1187.2128166499845
78,node_30,383.4658838013922,344.895011315065,431.4978198112354,0.02019001850245103,0.8402,species,22,3,344.895011315065,431.4978198112354
78,node_4,7673.670147148475,5237.041836531193,9335.409187192676,0.04578185863986099,0.4145,species,6,4,5237.041836531193,9335.409187192676
79,node_70,7140.535739001632,6383.883465884519,8312.854141227346,0.010505028679260361,0.5663,species,37,1,6383.883465884519,8312.854141227346
79,node_60,16541.490748165394,12501.439686683374,28386.8446361383,0.03538553980356789,0.7001,species,9,2,12501.439686683374,28386.8446361383
79,node_20,7069.47915108886,5549.803959323047,8497.7821740489,0.025848871466162292,0.4456,species,13,3,5549.803959323047,8497.7821740489
79,node_5,1895.8270735673323,1651.4296913945461,2395.707504197846,0.031567469326342204,0.4448,species,10,4,1651.4296913945461,2395.707504197846
80,node_62,556.2889538767354,527.0431690696867,601.4212843408906,0.009781444788139465,0.5055,species,67,1,527.0431690696867,601.4212843408906
80,node_52,2717.4425454180823,2513.518078209425,3015.3068467672047,0.012560253190107992,0.1521,species,41,2,2513.518078209425,3015.3068467672047
80,node_36,1427.0748515577357,1322.6260473955722,1570.8806597401679,0.02049873133255271,0.4215,species,31,3,1322.6260473955722,1570.8806597401679
80,node_4,232.5721854163199,197.39054932803356,286.9252284734277,0.04269634064820575,0.3173,species,9,4,197.39054932803356,286.9252284734277
81,node_67,2025.1864986347748,1892.0388301021935,2189.492091386455,0.009055900010305628,0.4119,species,62,1,1892.0388301021935,2189.492091386455
81,node_53,3332.4627639152764,3009.2816577523777,3833.2982741663336,0.013130241859143929,0.2417,species,30,2,3009.2816577523777,3833.2982741663336
81,node_36,4644.783689449204,4136.016810159157,5375.004462091583,0.015438881086503611,0.2925,species,25,3,4136.016810159157,5375.004462091583
81,node_6,366.2243252946257,311.4472103452169,424.6481135150536,0.03196524143788991,0.4638,species,12,4,311.4472103452169,424.6481135150536
82,node_57,7343.316701760535,6697.815352068909,8279.665826715525,0.008738866289316744,0.5005,species,49,1,6697.815352068909,8279.665826715525
82,node_26,4296.226167683949,3918.573956503179,4776.688877348319,0.012436083350244435,0.4804,species,35,2,3918.573956503179,4776.688877348319
82,node_23,2049.6375948635964,1850.8644375717083,2334.2158162029873,0.017681811560614043,0.7207,species,23,3,1850.8644375717083,2334.2158162029873
82,node_72,2967.4410978689702,2605.662592343007,3510.353693954695,0.021813648857477802,0.1714,species,17,4,2605.662592343007,3510.353693954695
83,node_68,14967.210091217572,12907.996627670796,18951.544208264957,0.009084966726181039,0.354,species,41,1,12907.996627670796,18951.544208264957
83,node_38,1191.9716551316433,1104.7302509139217,1306.847815750792,0.015378161114647054,0.2892,species,36,2,1104.7302509139217,1306.847815750792
83,node_49,1596.2194539161392,1424.2232692293392,1825.1303212131443,0.0196171332138383,0.6288,species,21,3,1424.2232692293392,1825.1303212131443
83,node_75,1985.0811485972397,1654.7361868200296,2503.483085763558,0.05374162140195513,0.847,species,6,4,1654.7361868200296,2503.483085763558
84,node_74,332.69842709955185,308.34795044498173,359.69061389765363,0.01215190815434814,0.1384,species,48,1,308.34795044498173,359.69061389765363
84,node_72,1038.3106191648053,941.3739581891814,1166.0320665604374,0.02219816020092129,0.4498,species,23,2,941.3739581891814,1166.0320665604374
84,node_6,1398.8140782955813,1220.9279560680316,1618.7259547853914,0.018974614381263785,0.6511,species,19,3,1220.9279560680316,1618.7259547853914
84,node_60,722.9312032667161,607.4662762632171,855.196155935455,0.04241181890369389,0.3288,species,10,4,607.4662762632171,855.196155935455
85,node_38,9467.037325460831,8430.064377261308,10652.853718073322,0.01069630676670315,0.888,species,37,1,8430.064377261308,10652.853718073322
85,node_57,891.8830955497258,815.1124378604982,979.7960777958643,0.023560633337010813,0.4969,species,29,2,815.1124378604982,979.7960777958643
85,node_52,890.1009338982251,794.1905850792992,1007.6208796349791,0.017087035811336037,0.2726,species,21,3,794.1905850792992,1007.6208796349791
85,node_72,2750.251597433336,2211.499064453483,3531.481248147461,0.04667806771847072,0.3239,species,7,4,2211.499064453483,3531.481248147461
86,node_44,1455.90658797916,1362.910096396854,1586.6698596675947,0.014425485118249867,0.3385,species,54,1,1362.910096396854,1586.6698596675947
86,node_23,1788.9867411301645,1625.2144758465404,2001.027091096822,0.021078415371234865,0.4685,species,28,2,1625.2144758465404,2001.027091096822
86,node_7,1258.1145226762808,1147.5221765420756,1418.5371872903045,0.023102689579589785,0.9425,species,21,3,1147.5221765420756,1418.5371872903045
86,node_45,300.43344672138784,264.86324946815637,353.98079347777275,0.032941409407980696,0.5476,species,11,4,264.86324946815637,353.98079347777275
87,node_67,829.9187998262811,781.5834014477209,900.8475706167592,0.011914235111025098,0.2195,species,57,1,781.5834014477209,900.8475706167592
87,node_39,3057.8223079096783,2690.400849642827,3496.3389259263563,0.020208099515649666,0.4109,species,22,2,2690.400849642827,3496.3389259263563
87,node_31,4543.704290968668,3973.825374434415,5494.576992139015,0.020138265269694765,0.3333,species,19,3,3973.825374434415,5494.576992139015
87,node_6,1993.0381723310418,1729.1777263484853,2453.905891003822,0.039057234481351635,0.7404,species,9,4,1729.1777263484853,2453.905891003822
88,node_62,2013.0705522389674,1865.7322317255675,2180.750743238686,0.009147505119229212,0.6538,species,53,1,1865.7322317255675,2180.750743238686
88,node_55,1333.2505596051237,1225.8219387299328,1479.3908145774708,0.01655922947312984,0.375,species,33,2,1225.8219387299328,1479.3908145774708
88,node_69,2269.7579493125136,2045.5420070682173,2574.5784109516876,0.017693046776948204,0.6958,species,24,3,2045.5420070682173,2574.5784109516876
88,node_61,1668.028503915309,1455.90658797916,1985.0811485972397,0.029411476600894663,0.8415,species,13,4,1455.90658797916,1985.0811485972397
89,node_39,3440.8371512824397,3176.2676068194637,3833.2982741663336,0.010490184287610954,0.5528,species,50,1,3176.2676068194637,3833.2982741663336
89,node_62,1410.0506007298793,1314.7132619297665,1583.4993744418964,0.025034863411574,0.7107,species,33,2,1314.7132619297665,1583.4993744418964
89,node_15,5964.1694295529305,4844.039611676518,7431.976261477361,0.02365587011740956,0.4519,species,15,3,4844.039611676518,7431.976261477361
89,node_4,9619.74358532768,6684.4317710493215,16977.253448852844,0.04991008218648008,0.652,species,6,4,6684.4317710493215,16977.253448852844
90,node_61,597.8232018693335,563.0053104944784,643.7448564271654,0.02257043547296354,0.6492,species,61,1,563.0053104944784,643.7448564271654
90,node_55,755.4536755332795,686.2958908977346,828.2604552895475,0.028287397555022086,0.6975,species,31,2,686.2958908977346,828.2604552895475
90,node_51,4571.051210114919,4037.924415077449,5418.181292493759,0.02454387066522848,0.2816,species,16,3,4037.924415077449,5418.181292493759
90,node_7,1527.501801725633,1275.853784986841,1903.4263301671106,0.04713086844954847,0.4177,species,8,4,1275.853784986841,1903.4263301671106
91,node_71,2066.102112324647,1949.6658404686175,2211.499064453483,0.014718856260465174,0.104,species,60,1,1949.6658404686175,2211.499064453483
91,node_25,956.5586132559272,875.971244960684,1059.2880038217118,0.017900716151751716,0.5547,species,33,2,875.971244960684,1059.2880038217118
91,node_23,7270.242208772567,6257.461587617625,8969.32667625373,0.019299570810471605,0.4902,species,17,3,6257.461587617625,8969.32667625373
91,node_67,158.0896137518966,131.51798969803642,193.0949525196948,0.06429058866176016,0.5793,species,8,4,131.51798969803642,193.0949525196948
92,node_60,258.5815848371913,243.5215043581349,276.7786400977708,0.011695988073835675,0.4735,species,65,1,243.5215043581349,276.7786400977708
92,node_75,1450.0940132700614,1352.0492309313433,1599.415407307278,0.013755442480378086,0.2797,species,34,2,1352.0492309313433,1599.415407307278
92,node_51,188.89283613381124,168.20243908080172,214.26047567796678,0.021217242716563573,0.3162,species,24,3,168.20243908080172,214.26047567796678
92,node_65,5195.308484511723,4365.525633509938,6644.441272851224,0.032040416187282886,0.9072,species,11,4,4365.525633509938,6644.441272851224
93,node_54,1118.0682154372828,1055.0588927568263,1208.77831102506,0.010779522194743266,0.61,species,53,1,1055.0588927568263,1208.77831102506
93,node_52,8312.854141227346,7284.798700478347,9952.472475784609,0.013387848766349093,0.4896,species,30,2,7284.798700478347,9952.472475784609
93,node_70,16875.684782029817,13434.835707928565,24092.712748029535,0.021145727853246494,0.5344,species,16,3,13434.835707928565,24092.712748029535
93,node_49,12278.404805279093,9581.33763350786,18244.827521758285,0.02531448447009554,0.3624,species,13,4,9581.33763350786,18244.827521758285
94,node_50,4834.3602471080485,4453.724009557928,5342.847786158859,0.0111873674772078,0.2557,species,47,1,4453.724009557928,5342.847786158859
94,node_24,1057.1713335229633,952.7396399446679,1156.740098266369,0.014259565861439541,0.3892,species,30,2,952.7396399446679,1156.740098266369
94,node_19,646.325251241114,567.527871355252,731.6595156615522,0.021003870071439983,0.5553,species,18,3,567.527871355252,731.6595156615522
94,node_66,924.5791541998896,811.8581755469017,1131.5672159216695,0.053372942096798145,0.8529,species,8,4,811.8581755469017,1131.5672159216695
95,node_49,3188.9993970287683,2937.9116273987006,3489.352538152525,0.0101053438375993,0.6941,species,55,1,2937.9116273987006,3489.352538152525
95,node_8,2133.2934259338344,1965.3272956224707,2410.1264045531316,0.014870860152002327,0.5303,species,28,2,1965.3272956224707,2410.1264045531316
95,node_70,618.5007853083333,560.7575629700925,698.7623248573651,0.04661196850270631,0.441,species,25,3,560.7575629700925,698.7623248573651
95,node_50,540.927392579478,484.5758920924196,616.0314771453501,0.03834063600680324,0.6782,species,14,4,484.5758920924196,616.0314771453501
96,node_67,1429.9321433292741,1349.3475648695826,1533.6246587676965,0.011775867159143662,0.1593,species,63,1,1349.3475648695826,1533.6246587676965
96,node_16,209.17893849006842,190.0297140612163,234.90980967206988,0.015116155118183545,0.6094,species,32,2,190.0297140612163,234.90980967206988
96,node_31,2463.7421576113816,2163.3726047255527,2828.3547940479298,0.02065206732392341,0.5043,species,19,3,2163.3726047255527,2828.3547940479298
96,node_72,1.3076069489888446e7,28844.733279098178,1.3076069489888446e7,8.789815285397076e-5,0.7126,species,4,4,28844.733279098178,1.3076069489888446e7
97,node_35,764.5746481100418,721.486641447388,816.7444574136669,0.026185801008941505,0.1575,species,62,1,721.486641447388,816.7444574136669
97,node_28,566.393836621852,527.0431690696867,620.9799914765829,0.022151464072327046,0.2603,species,35,2,527.0431690696867,620.9799914765829
97,node_64,1605.8265237319897,1450.0940132700614,1803.3574784306215,0.016516432452557885,0.1026,species,22,3,1450.0940132700614,1803.3574784306215
97,node_3,1447.1964340307954,1208.77831102506,1691.5475036876783,0.036940332335635914,0.4691,species,9,4,1208.77831102506,1691.5475036876783
98,node_71,736.0631106880048,693.1939725333868,795.7807148621214,0.013848773490168822,0.6236,species,52,1,693.1939725333868,795.7807148621214
98,node_36,724.3786573902507,667.3442717390026,787.8617765090737,0.031017269503767635,0.5235,species,30,2,667.3442717390026,787.8617765090737
98,node_53,1427.0748515577357,1301.6303446402183,1615.4914150398833,0.020107189367993633,0.8457,species,21,3,1301.6303446402183,1615.4914150398833
98,node_9,811.8581755469017,656.7506787937336,950.835874688161,0.050962513341397224,0.3328,species,11,4,656.7506787937336,950.835874688161
99,node_49,1429.9321433292741,1346.6512972795192,1533.6246587676965,0.019159887927407204,0.4695,species,60,1,1346.6512972795192,1533.6246587676965
99,node_40,638.6149316447053,588.3332040945139,700.1613880101477,0.024357934830753065,0.6071,species,36,2,588.3332040945139,700.1613880101477
99,node_14,7551.8563527132155,6499.845491432006,9833.744724678807,0.023437147551753208,0.5921,species,15,3,6499.845491432006,9833.744724678807
99,node_71,2167.704113150287,1880.719457264302,2564.299640677795,0.03256854284347463,0.909,species,12,4,1880.719457264302,2564.299640677795
100,node_73,13037.737189535335,11402.522600769315,14877.666774944122,0.007610075640599708,0.6609,species,49,1,11402.522600769315,14877.666774944122
100,node_63,1651.4296913945461,1509.2795103130977,1814.2112373894627,0.01383239969175852,0.1503,species,36,2,1509.2795103130977,1814.2112373894627
100,node_21,469.31343905280454,427.20391752038597,517.6403311842548,0.014931592566500347,0.553,species,26,3,427.20391752038597,517.6403311842548
100,node_74,357.53871717110684,306.5032180011463,411.27317679895117,0.03270078250061888,0.9458,species,14,4,306.5032180011463,411.27317679895117
